frame,backend,bond_dim,energy,abs_energy_error,within_dmrg_tolerance,dmrg_seconds,max_result_mps_bond,sweep_converged,reached_max_sweeps,sweep_limit_reached_without_convergence,sweeps_requested,sweeps_completed,sweep_energy_tolerance,last_sweep_energy_change,final_sweep_noise,sweep_energies,per_sweep_seconds,system,iteration,representation,reference_method,reference_energy
N2_eqm_iter000_baseline,block2_pauli,1,-107.49650051179765,0.15761887302844002,False,0.5610569159907755,1,True,False,False,100,7,1e-06,0.0,0.0,"[-107.6416702478832, -107.49650051179765, -107.49650051179765, -107.49650051179765, -107.49650051179765, -107.49650051179765, -107.49650051179765]","[0.08727808299590833, 0.07100174998049624, 0.06689649997861125, 0.07091520898393355, 0.07151549999252893, 0.0715154170175083, 0.06166979199042544]",N2_eqm,0,baseline,pyblock2_qubit_reference_dmrg,-107.65411938482609
N2_eqm_iter000_baseline,block2_pauli,2,-107.53451950226794,0.11959988255814835,False,0.480878083006246,2,True,False,False,100,7,1e-06,1.4210854715202004e-14,0.0,"[-107.6416702478832, -107.53735933751373, -107.53451950226795, -107.53451950226794, -107.53451950226793, -107.53451950226795, -107.53451950226794]","[0.09086408300208859, 0.060272834001807496, 0.056358874979196116, 0.05665854099788703, 0.05455608302145265, 0.052429917006520554, 0.05713699999614619]",N2_eqm,0,baseline,pyblock2_qubit_reference_dmrg,-107.65411938482609
N2_eqm_iter000_baseline,block2_pauli,3,-107.5746974472261,0.07942193759998872,False,0.6800318329769652,3,True,False,False,100,10,1e-06,3.143605340483191e-07,0.0,"[-107.6416702478832, -107.57416522748473, -107.57578305187117, -107.57578838493649, -107.57472651694209, -107.57472094334256, -107.57469592513262, -107.57469969800808, -107.57469713286557, -107.5746974472261]","[0.10996362500009127, 0.0655242919747252, 0.06210762498085387, 0.05860737498733215, 0.0585725840064697, 0.05501712497789413, 0.04883720798534341, 0.05772783298743889, 0.06402583300950937, 0.05951391698908992]",N2_eqm,0,baseline,pyblock2_qubit_reference_dmrg,-107.65411938482609
N2_eqm_iter000_baseline,block2_pauli,4,-107.58592633352757,0.06819305129852182,False,0.47125483298441395,4,True,False,False,100,7,1e-06,1.6416569792454538e-07,0.0,"[-107.64167024788321, -107.58519420402608, -107.58583777680724, -107.58593020985839, -107.58592851414906, -107.58592649769326, -107.58592633352757]","[0.08713850000640377, 0.05811162499594502, 0.056660624977666885, 0.059871750010643154, 0.055907542002387345, 0.05646941700251773, 0.05237504202523269]",N2_eqm,0,baseline,pyblock2_qubit_reference_dmrg,-107.65411938482609
N2_eqm_iter000_baseline,block2_pauli,5,-107.59902264742047,0.05509673740561993,False,0.7671227499959059,5,True,False,False,100,10,1e-06,3.2726532595006574e-07,0.0,"[-107.64167024788321, -107.59898684423105, -107.59867790533045, -107.59863557680441, -107.59879912454261, -107.59879936745861, -107.59865043224828, -107.59865146143464, -107.59902232015514, -107.59902264742047]","[0.10040258298977278, 0.0655821249820292, 0.06341920798877254, 0.06309108401183039, 0.06511158400098793, 0.07945358302094974, 0.06390058298711665, 0.07056433300022036, 0.08135725001920946, 0.07309183402685449]",N2_eqm,0,baseline,pyblock2_qubit_reference_dmrg,-107.65411938482609
N2_eqm_iter000_baseline,block2_pauli,6,-107.60140243768174,0.05271694714434716,False,0.5932390840025619,6,True,False,False,100,7,1e-06,1.0585384302430612e-07,0.0,"[-107.64167024788321, -107.60120460178531, -107.6013414969564, -107.60134648023467, -107.60140236769874, -107.60140254353558, -107.60140243768174]","[0.09428295798716135, 0.06930254100007005, 0.06847566700889729, 0.07528441702015698, 0.0786174579989165, 0.09024345799116418, 0.07595150000997819]",N2_eqm,0,baseline,pyblock2_qubit_reference_dmrg,-107.65411938482609
N2_eqm_iter000_baseline,block2_pauli,7,-107.61127829598708,0.04284108883901183,False,0.556809500005329,7,True,False,False,100,7,1e-06,4.450139101663808e-08,0.0,"[-107.64167024788321, -107.61120259816246, -107.61145566312712, -107.61146076641202, -107.6114617573858, -107.61127834048847, -107.61127829598708]","[0.09620429200003855, 0.07084699999541044, 0.0735642499930691, 0.06633041700115427, 0.0653022909827996, 0.06842333401436917, 0.07620400001178496]",N2_eqm,0,baseline,pyblock2_qubit_reference_dmrg,-107.65411938482609
N2_eqm_iter000_baseline,block2_pauli,8,-107.61054848640944,0.04357089841664674,False,0.9182489170052577,8,True,False,False,100,11,1e-06,2.849896532097773e-07,0.0,"[-107.64167024788321, -107.61054084251792, -107.61053538683501, -107.61056723155345, -107.61056283607152, -107.61057118382269, -107.61054683892922, -107.61055452752896, -107.61055153573736, -107.61054820141979, -107.61054848640944]","[0.09922666699276306, 0.07605162501567975, 0.07615391598665155, 0.07239445802406408, 0.07667937502264977, 0.07482312500360422, 0.08355987499817275, 0.07432333298493177, 0.08427145800669678, 0.07938637500046752, 0.07842024997808039]",N2_eqm,0,baseline,pyblock2_qubit_reference_dmrg,-107.65411938482609
N2_eqm_iter000_baseline,block2_pauli,9,-107.6160459508269,0.0380734339991875,False,0.6320479999994859,9,True,False,False,100,7,1e-06,1.0742984102307673e-07,0.0,"[-107.64167024788321, -107.61585089603189, -107.61601526194355, -107.61604106911611, -107.61604518058749, -107.61604584339706, -107.6160459508269]","[0.10575962500297464, 0.08155395899666473, 0.08089312500669621, 0.07851391599979252, 0.0806973329745233, 0.08481166698038578, 0.08026641700416803]",N2_eqm,0,baseline,pyblock2_qubit_reference_dmrg,-107.65411938482609
N2_eqm_iter000_baseline,block2_pauli,10,-107.61832183372272,0.03579755110337146,False,0.7429437919927295,10,True,False,False,100,8,1e-06,6.72400801704498e-08,0.0,"[-107.64167024788321, -107.6183299632084, -107.61842310812702, -107.61855389849993, -107.61853960318803, -107.61854183204488, -107.61832176648264, -107.61832183372272]","[0.10834716699901037, 0.08155737500055693, 0.08349449999514036, 0.07786404198850505, 0.08579766598995775, 0.08753283400437795, 0.09368304201052524, 0.08631016701110639]",N2_eqm,0,baseline,pyblock2_qubit_reference_dmrg,-107.65411938482609
N2_eqm_iter000_baseline,block2_pauli,12,-107.62856162102486,0.025557763801231204,False,0.8075871670152992,12,True,False,False,100,8,1e-06,9.865192680535984e-07,0.0,"[-107.64167024788321, -107.62630240927618, -107.62632837401094, -107.62835951545401, -107.62835647340401, -107.62851016510498, -107.62856063450559, -107.62856162102486]","[0.11415970799862407, 0.08878383299452253, 0.08423870900878683, 0.08717812501708977, 0.09226620799745433, 0.10134508300689049, 0.1011554170108866, 0.09571233301539905]",N2_eqm,0,baseline,pyblock2_qubit_reference_dmrg,-107.65411938482609
N2_eqm_iter000_baseline,block2_pauli,14,-107.63268876853465,0.02143061629143972,False,1.3317992500087712,14,True,False,False,100,11,1e-06,1.0945238670956314e-07,0.0,"[-107.64167024788321, -107.6315443599334, -107.63131182680252, -107.63141481486942, -107.63156931054569, -107.63250665575596, -107.63250148517855, -107.63268346902788, -107.63268170658374, -107.63268887798704, -107.63268876853465]","[0.11468737499671988, 0.10556016600457951, 0.10517545801121742, 0.10907245799899101, 0.12009345801197924, 0.11797049999586307, 0.11608162501943298, 0.11924512500991113, 0.12256487499689683, 0.11567037500208244, 0.12256558300578035]",N2_eqm,0,baseline,pyblock2_qubit_reference_dmrg,-107.65411938482609
N2_eqm_iter000_baseline,block2_pauli,16,-107.63756941922423,0.016549965601853955,False,0.8381557499815244,16,True,False,False,100,7,1e-06,4.842061684939836e-08,0.0,"[-107.64167024788321, -107.63812546472911, -107.63756038436432, -107.63756928548058, -107.6375683991969, -107.63756946764485, -107.63756941922423]","[0.12413945799926296, 0.1040272090176586, 0.11333329099579714, 0.1113244160078466, 0.12238474999321625, 0.11421175001305528, 0.11100900001474656]",N2_eqm,0,baseline,pyblock2_qubit_reference_dmrg,-107.65411938482609
N2_eqm_iter000_baseline,block2_pauli,18,-107.64010364379783,0.014015741028259754,False,1.0427194999938365,18,True,False,False,100,7,1e-06,1.2207695476718072e-07,0.0,"[-107.64167024788321, -107.64010878342575, -107.64010383981667, -107.64017162147519, -107.64017133026212, -107.64010376587478, -107.64010364379783]","[0.1318443330237642, 0.1339395419927314, 0.1377990829932969, 0.14966299998923205, 0.15271245798794553, 0.14851966701098718, 0.1488845840212889]",N2_eqm,0,baseline,pyblock2_qubit_reference_dmrg,-107.65411938482609
N2_eqm_iter000_baseline,block2_pauli,20,-107.64081229784621,0.01330708697987859,False,1.1811963749933057,20,True,False,False,100,8,1e-06,1.1525003174028825e-11,0.0,"[-107.64167024788321, -107.64080851486983, -107.64081909876028, -107.64081926173571, -107.64081351685883, -107.64081351687037, -107.64081229785774, -107.64081229784621]","[0.13985133299138397, 0.13258841598872095, 0.13619799999287352, 0.13861875000293367, 0.15792791699641384, 0.14728320800350048, 0.14673799998126924, 0.14252291698358022]",N2_eqm,0,baseline,pyblock2_qubit_reference_dmrg,-107.65411938482609
N2_eqm_iter000_baseline,block2_pauli,30,-107.64952832274037,0.004591062085722797,False,5.7516200419922825,30,True,False,False,100,17,1e-06,6.141455628494441e-07,0.0,"[-107.64167024788321, -107.64357560966873, -107.64450689843672, -107.64768618891672, -107.64848732552389, -107.64872000998686, -107.64895579496819, -107.64911389632942, -107.64919912009572, -107.6492855758984, -107.64942371828042, -107.64946325819065, -107.64961182050807, -107.6496466221683, -107.64953926785665, -107.64952893688593, -107.64952832274037]","[0.1611565420171246, 0.25101137498859316, 0.39559770800406113, 0.4286812079953961, 0.36977974997716956, 0.3600029170047492, 0.33449816700886004, 0.32073949999175966, 0.32656070799566805, 0.34175483300350606, 0.3348636250011623, 0.3394579580053687, 0.3476334590232, 0.4037104170129169, 0.3440569580125157, 0.3251020419993438, 0.320525125018321]",N2_eqm,0,baseline,pyblock2_qubit_reference_dmrg,-107.65411938482609
N2_eqm_iter000_baseline,block2_pauli,40,-107.6517333108963,0.0023860739297845157,False,18.226016915985383,40,True,False,False,100,33,1e-06,5.180471873700299e-07,0.0,"[-107.64167024788321, -107.64179529366845, -107.64233870770947, -107.645410565661, -107.64681769751593, -107.64937948275383, -107.65063529247658, -107.65054962666471, -107.65098181080407, -107.65095249198549, -107.65137735179685, -107.65138950723295, -107.65145531178263, -107.65149514791908, -107.65153260735966, -107.65162373084465, -107.65163571352238, -107.65157140875696, -107.65159609554614, -107.65159140690841, -107.65160584143845, -107.65167122192874, -107.65168795367674, -107.6516257498489, -107.65164209480737, -107.65171457478854, -107.65172322820277, -107.65174226937191, -107.65174595062939, -107.65174782614503, -107.65174920102068, -107.65173279284912, -107.6517333108963]","[0.17865158300264739, 0.3442635420069564, 0.6096698330075014, 0.6478735829878133, 0.6013921250123531, 0.6326873330108356, 0.6205417919845786, 0.592138750012964, 0.5707403749984223, 0.5757508329988923, 0.5697388330008835, 0.6106187090044841, 0.5739905840018764, 0.7047897079901304, 0.6039675840002019, 0.5027080000145361, 0.5873000420106109, 0.5726339170068968, 0.5702062500058673, 0.539841833000537, 0.5650643749977462, 0.531855084002018, 0.5962717079964932, 0.5159563749912195, 0.5513352080015466, 0.5540344170003664, 0.5692636669846252, 0.5045754169987049, 0.5038764159835409, 0.5031055409926921, 0.5044182499987073, 0.4997731249895878, 0.5624646249925718]",N2_eqm,0,baseline,pyblock2_qubit_reference_dmrg,-107.65411938482609
N2_eqm_iter000_baseline,block2_pauli,50,-107.65273841943815,0.0013809653879377493,True,12.803888333000941,50,True,False,False,100,13,1e-06,5.571303347551293e-07,0.0,"[-107.64167024788321, -107.64179599388578, -107.6423973350976, -107.64866136929137, -107.65151144989834, -107.65241875033804, -107.65271342461371, -107.65271842576075, -107.65281257669135, -107.65275599568673, -107.65275728218498, -107.65273786230782, -107.65273841943815]","[0.1799469580000732, 0.4397496670135297, 0.9251474170014262, 1.5975952080043498, 1.0389430829964112, 1.4272029160056263, 0.9349445420084521, 1.2848447920114268, 0.8707114589924458, 1.1421005410084035, 0.8376180829945952, 1.1979010829818435, 0.8821166669949889]",N2_eqm,0,baseline,pyblock2_qubit_reference_dmrg,-107.65411938482609
