frame,backend,bond_dim,energy,abs_energy_error,within_dmrg_tolerance,dmrg_seconds,max_result_mps_bond,sweep_converged,reached_max_sweeps,sweep_limit_reached_without_convergence,sweeps_requested,sweeps_completed,sweep_energy_tolerance,last_sweep_energy_change,final_sweep_noise,sweep_energies,per_sweep_seconds,system,symmetry_count,n_symmetries,reference_energy
new_HCT_Nover2_Comm,block2_pauli,1,-107.52033719147875,0.13378525604379377,False,0.6107732500000012,1,True,False,False,100,7,1e-06,0.0,0.0,"[-107.64167024788324, -107.52033109824134, -107.52033719148042, -107.52033719147875, -107.52033719147875, -107.52033719147875, -107.52033719147875]","[0.12218720900000335, 0.06948670799999945, 0.0659989169999946, 0.06725166700000074, 0.06579558300000343, 0.06611533400000269, 0.06207004200000199]",N2_eqm,N/2,10,-107.65412244752254
new_HCT_Nover2_Comm,block2_pauli,2,-107.59712291164828,0.05699953587425455,False,0.5785897080000026,2,True,False,False,100,7,1e-06,7.0912165028858e-11,0.0,"[-107.64167034212223, -107.59710290680896, -107.5971232679479, -107.59712290796655, -107.59712291188056, -107.59712291157737, -107.59712291164828]","[0.1009194579999999, 0.07231437500000482, 0.068974125000004, 0.07030558299999967, 0.06919958299999962, 0.06978829199999836, 0.06455133299999716]",N2_eqm,N/2,10,-107.65412244752254
new_HCT_Nover2_Comm,block2_pauli,3,-107.60530192235137,0.048820525171166196,False,0.6714050420000035,3,True,False,False,100,8,1e-06,2.924737430021196e-08,0.0,"[-107.64167034212223, -107.6041220189231, -107.60463555131597, -107.60463596406763, -107.6049897287232, -107.60498975005282, -107.605301893104, -107.60530192235137]","[0.11135237499999562, 0.07286049999999733, 0.07116054200000121, 0.07170170799999909, 0.07053395800000573, 0.07154866700000184, 0.06947525000000354, 0.0671432079999974]",N2_eqm,N/2,10,-107.65412244752254
new_HCT_Nover2_Comm,block2_pauli,4,-107.6185402762357,0.035582171286833386,False,0.6395558749999992,4,True,False,False,100,7,1e-06,6.817344910814427e-09,0.0,"[-107.64536920141315, -107.61618943282616, -107.61823774544656, -107.61853646647972, -107.61854034220315, -107.61854026941836, -107.6185402762357]","[0.12063895799999358, 0.08025820900000014, 0.07707525000000004, 0.07732066699999507, 0.07566091600000391, 0.07649991599999595, 0.07270949999999488]",N2_eqm,N/2,10,-107.65412244752254
new_HCT_Nover2_Comm,block2_pauli,5,-107.62092532887323,0.033197118649312074,False,0.6836929170000019,5,True,False,False,100,7,1e-06,1.0856950893867179e-09,0.0,"[-107.64635235126566, -107.62089400260135, -107.62095367331645, -107.62092582576193, -107.6209261162725, -107.62092532778753, -107.62092532887323]","[0.12537575000000345, 0.0837804159999962, 0.08357829199999856, 0.08400837500000335, 0.0846047499999969, 0.08463174999999978, 0.07991033300000083]",N2_eqm,N/2,10,-107.65412244752254
new_HCT_Nover2_Comm,block2_pauli,6,-107.63107732548522,0.0230451220373169,False,0.7309078329999963,6,True,False,False,100,7,1e-06,2.0975221559638157e-11,0.0,"[-107.64746010785899, -107.6310212189731, -107.63105260392697, -107.63107657460051, -107.63107657487174, -107.6310773255062, -107.63107732548522]","[0.1315203750000009, 0.09151395800000017, 0.08986470800000035, 0.0903800419999996, 0.09015995900000462, 0.09016337500000304, 0.08515116600000283]",N2_eqm,N/2,10,-107.65412244752254
new_HCT_Nover2_Comm,block2_pauli,7,-107.63674853092625,0.01737391659628429,False,0.8683943750000012,7,True,False,False,100,8,1e-06,5.24025608683587e-07,0.0,"[-107.64856394072419, -107.63641277918967, -107.63625411372797, -107.63634878025897, -107.63664471189128, -107.63664661155636, -107.63674800690065, -107.63674853092625]","[0.13625254200000114, 0.0993897079999968, 0.09657791700000473, 0.09661220799999626, 0.09776654200000223, 0.09794916599999937, 0.09297262500000159, 0.0918884160000033]",N2_eqm,N/2,10,-107.65412244752254
new_HCT_Nover2_Comm,block2_pauli,8,-107.64064658222244,0.01347586530009437,False,0.8258312500000002,8,True,False,False,100,8,1e-06,6.332220436888747e-08,0.0,"[-107.6488711092006, -107.6399612229848, -107.6402382949317, -107.64024200573465, -107.64029805368367, -107.64029812281183, -107.64064651890024, -107.64064658222244]","[0.14015416599999497, 0.09066904099999817, 0.09148191699999586, 0.09098041600000073, 0.0908344170000035, 0.09027708399999312, 0.08685966600000228, 0.08473458299999947]",N2_eqm,N/2,10,-107.65412244752254
new_HCT_Nover2_Comm,block2_pauli,9,-107.64202104393456,0.012101403587976733,False,1.058080375000003,9,True,False,False,100,8,1e-06,3.970232285155362e-07,0.0,"[-107.6488711092006, -107.64150671733432, -107.64153257425542, -107.64153643673764, -107.641652252075, -107.64165230478764, -107.64202144095779, -107.64202104393456]","[0.16842650000000248, 0.1588475410000001, 0.1095868330000016, 0.11030804199999977, 0.12265299999999968, 0.11551395800000108, 0.10454579099999961, 0.10555045899999982]",N2_eqm,N/2,10,-107.65412244752254
new_HCT_Nover2_Comm,block2_pauli,10,-107.64534503716575,0.008777410356785253,False,0.9181248340000039,10,True,False,False,100,7,1e-06,1.1781568787228025e-07,0.0,"[-107.64904639333129, -107.64590970666774, -107.64537132408218, -107.6453539280093, -107.64534525455446, -107.64534515498144, -107.64534503716575]","[0.17437929099999394, 0.1182562919999981, 0.11397525000000286, 0.11329266699999607, 0.1137677090000011, 0.1125860000000003, 0.10939283300000113]",N2_eqm,N/2,10,-107.65412244752254
new_HCT_Nover2_Comm,block2_pauli,12,-107.648634752526,0.005487694996546111,False,1.0023606660000013,12,True,False,False,100,7,1e-06,6.44790532078332e-09,0.0,"[-107.64943326113949, -107.6484427559082, -107.64863045659332, -107.6486344054671, -107.64863472795062, -107.64863474607809, -107.648634752526]","[0.1867989169999973, 0.11949512500000026, 0.1223803330000024, 0.15460095800000317, 0.12097108400000423, 0.12271412500000167, 0.11662312499999672]",N2_eqm,N/2,10,-107.65412244752254
new_HCT_Nover2_Comm,block2_pauli,14,-107.65076616234606,0.0033562851764799007,False,1.229237083000001,14,True,False,False,100,7,1e-06,3.969117301494407e-08,0.0,"[-107.64961686263243, -107.65045169707594, -107.6507724176666, -107.65076774109008, -107.65076861933593, -107.65076612265489, -107.65076616234606]","[0.2076454159999983, 0.16169679099999712, 0.1547729170000025, 0.162198042, 0.16056991699999656, 0.16498179200000607, 0.15915979200000407]",N2_eqm,N/2,10,-107.65412244752254
new_HCT_Nover2_Comm,block2_pauli,16,-107.65121922963819,0.002903217884352216,False,1.270194250000003,16,True,False,False,100,7,1e-06,8.466676604257373e-08,0.0,"[-107.65082410571459, -107.65111854095531, -107.65121495720805, -107.6512175117699, -107.6512187249349, -107.65121914497142, -107.65121922963819]","[0.25064504200000215, 0.16009224999999816, 0.16037337499999893, 0.1583219999999983, 0.16139704199999727, 0.16046599999999955, 0.1599398330000028]",N2_eqm,N/2,10,-107.65412244752254
new_HCT_Nover2_Comm,block2_pauli,18,-107.6519722052093,0.002150242313234685,False,1.7457987499999987,18,True,False,False,100,7,1e-06,1.1957583012645046e-07,0.0,"[-107.65148466336996, -107.65173356108671, -107.65196245640226, -107.65196925405247, -107.65197144373246, -107.65197208563347, -107.6519722052093]","[0.3526515410000002, 0.2752928749999981, 0.2194111250000006, 0.21224341700000338, 0.21340191699999878, 0.21035758299999685, 0.20411495799999813]",N2_eqm,N/2,10,-107.65412244752254
new_HCT_Nover2_Comm,block2_pauli,20,-107.65252731416896,0.0015951333535753065,True,1.8992092499999984,20,True,False,False,100,7,1e-06,1.3435322898658342e-07,0.0,"[-107.65171602455015, -107.65202696377824, -107.65249062570192, -107.65249413908465, -107.65252668457771, -107.65252717981573, -107.65252731416896]","[0.3683115420000007, 0.28034195800000106, 0.24978316700000391, 0.23997620900000527, 0.23534100000000535, 0.24205254200000326, 0.21868116699999973]",N2_eqm,N/2,10,-107.65412244752254
new_HCT_N_Comm,block2_pauli,1,-107.57469108012582,0.07943136739672241,False,0.5709791660000008,1,True,False,False,100,7,1e-06,1.803375937470264e-08,0.0,"[-107.6416709864556, -107.5733399032886, -107.57468746809407, -107.57468737923159, -107.57469106308854, -107.57469106209206, -107.57469108012582]","[0.10937020899999084, 0.07234470899999224, 0.06165774999999485, 0.06449200000000133, 0.0654146250000025, 0.06822941699999774, 0.07384112500000128]",N2_eqm,N,20,-107.65412244752254
new_HCT_N_Comm,block2_pauli,2,-107.61411593575161,0.04000651177092607,False,0.6012511670000009,2,True,False,False,100,7,1e-06,3.557562422429328e-08,0.0,"[-107.64495759251051, -107.61322652650784, -107.6141464311963, -107.61411846370498, -107.61411694977716, -107.61411597132724, -107.61411593575161]","[0.0804630420000052, 0.07564562500000704, 0.08271054200000094, 0.08377975000000504, 0.07508416599999634, 0.08780208400000333, 0.07533695800000828]",N2_eqm,N,20,-107.65412244752254
new_HCT_N_Comm,block2_pauli,3,-107.62997299041629,0.024149457106247496,False,0.609785040999995,3,True,False,False,100,7,1e-06,7.688740311095899e-09,0.0,"[-107.64652292356324, -107.62826391943824, -107.62997388317868, -107.62997411900798, -107.62997300632667, -107.62997299810503, -107.62997299041629]","[0.08396408299999791, 0.08157745799999816, 0.07670870900000182, 0.09360895800000435, 0.07504704199999424, 0.07289774999999565, 0.0886887080000065]",N2_eqm,N,20,-107.65412244752254
new_HCT_N_Comm,block2_pauli,4,-107.64088878913309,0.013233658389452785,False,0.5861907909999928,4,True,False,False,100,7,1e-06,1.9540067341949907e-08,0.0,"[-107.64913674824021, -107.64323252741741, -107.64086298320488, -107.64089050931432, -107.64088878749084, -107.64088880867315, -107.64088878913309]","[0.08618300000000545, 0.07933795800001064, 0.07870820799999478, 0.07629762499999515, 0.07248599999999783, 0.0856506669999959, 0.07184008400000153]",N2_eqm,N,20,-107.65412244752254
new_HCT_N_Comm,block2_pauli,5,-107.64703921516028,0.007083232362262493,False,0.640556042,5,True,False,False,100,7,1e-06,2.8085494818697043e-08,0.0,"[-107.65014620495724, -107.64697428753564, -107.6470283180268, -107.64703896474734, -107.64703930960154, -107.64703924324577, -107.64703921516028]","[0.08876412499999731, 0.08300066599998956, 0.0835616669999979, 0.08874975000000518, 0.08890416700000969, 0.09288379199999497, 0.08018133400000238]",N2_eqm,N,20,-107.65412244752254
new_HCT_N_Comm,block2_pauli,6,-107.64965251468998,0.004469932832563472,False,0.6476463750000079,6,True,False,False,100,7,1e-06,3.639115675468929e-09,0.0,"[-107.65127847744253, -107.64904719088838, -107.64965169138156, -107.64965221220268, -107.64965249509919, -107.64965251105086, -107.64965251468998]","[0.092443166999999, 0.08850770799999452, 0.08802554100000748, 0.09106724999999471, 0.08768520899999999, 0.08389129100000048, 0.08107812500000477]",N2_eqm,N,20,-107.65412244752254
new_HCT_N_Comm,block2_pauli,7,-107.65118062377789,0.0029418237446492412,False,0.681609832999996,7,True,False,False,100,7,1e-06,6.414779818442184e-11,0.0,"[-107.65163292648046, -107.65105148370144, -107.65118113941115, -107.6511810003986, -107.65118063503371, -107.65118062371374, -107.65118062377789]","[0.09256004200000234, 0.09456229100000257, 0.0916205839999975, 0.0940992499999993, 0.09591033300000618, 0.09243441599998903, 0.08602845800000125]",N2_eqm,N,20,-107.65412244752254
new_HCT_N_Comm,block2_pauli,8,-107.65216686233731,0.0019555851852288697,False,0.6462481249999996,8,True,False,False,100,7,1e-06,3.0456135391432326e-09,0.0,"[-107.65221275928533, -107.65217110456257, -107.65216720803934, -107.65216687840743, -107.65216689790032, -107.6521668592917, -107.65216686233731]","[0.09476700000000449, 0.08797445799999082, 0.08754429200000402, 0.0837632080000077, 0.08842570799998839, 0.08644429099999229, 0.08209391699999458]",N2_eqm,N,20,-107.65412244752254
new_HCT_N_Comm,block2_pauli,9,-107.65334534839981,0.0007770991227289414,True,0.7445568340000079,9,True,False,False,100,7,1e-06,1.9157084807375213e-09,0.0,"[-107.65314658489703, -107.65332445390963, -107.65334536933284, -107.65334538670169, -107.6533453573817, -107.65334535031552, -107.65334534839981]","[0.10111662500000307, 0.10559858300000258, 0.10137016599999527, 0.10082904099999723, 0.10526912499999241, 0.1027228330000014, 0.09358416700000305]",N2_eqm,N,20,-107.65412244752254
new_HCT_Nover2_Comm,block2_pauli,1,-107.47423534064698,0.10739958153544649,False,0.6380462089999952,1,True,False,False,100,8,1e-06,2.2225776774575934e-10,0.0,"[-107.52694981960474, -107.47972459566593, -107.47520025118885, -107.4752002284076, -107.47432751605798, -107.47432751384534, -107.47423534086924, -107.47423534064698]","[0.09794154200000094, 0.07139625000000649, 0.06909866699999156, 0.06964479099998755, 0.0688580839999986, 0.06930491699999664, 0.06470508299999267, 0.06664562499999249]",N2_corr,N/2,10,-107.58163492218243
new_HCT_Nover2_Comm,block2_pauli,2,-107.50020475452467,0.08143016765775712,False,0.6068104590000019,2,True,False,False,100,7,1e-06,8.589391597979557e-08,0.0,"[-107.52694995868472, -107.50021714676122, -107.50020700180585, -107.5002070020735, -107.5002048403976, -107.50020484041859, -107.50020475452467]","[0.11001470799999424, 0.07274720900001341, 0.07259691699999848, 0.07560408300000176, 0.07209912500000826, 0.07249529199999927, 0.06706708400000139]",N2_corr,N/2,10,-107.58163492218243
new_HCT_Nover2_Comm,block2_pauli,3,-107.51886609480579,0.0627688273766438,False,0.6293246660000023,3,True,False,False,100,7,1e-06,4.83880313595364e-07,0.0,"[-107.52694995868472, -107.51877693228505, -107.51887586347311, -107.51887457134802, -107.51886666890032, -107.5188665786861, -107.51886609480579]","[0.12251816699999551, 0.0748632919999892, 0.07492437499999482, 0.07574233299999378, 0.07561545800000147, 0.07527125000000012, 0.0695127090000085]",N2_corr,N/2,10,-107.58163492218243
new_HCT_Nover2_Comm,block2_pauli,4,-107.53436372456697,0.047271197615458505,False,0.6706468329999922,4,True,False,False,100,7,1e-06,6.416223214955608e-07,0.0,"[-107.53485784399777, -107.53423962371212, -107.53437398970593, -107.53437469642947, -107.53436484160898, -107.5343643661893, -107.53436372456697]","[0.13743483300000037, 0.08193912500000522, 0.07901816700000097, 0.0802778330000109, 0.07866370899999708, 0.08020162500000083, 0.07446695899999156]",N2_corr,N/2,10,-107.58163492218243
new_HCT_Nover2_Comm,block2_pauli,5,-107.53767265148933,0.043962270693100436,False,0.8054561250000063,5,True,False,False,100,8,1e-06,1.4536242076701456e-07,0.0,"[-107.54033869253254, -107.53464449974416, -107.53628337084761, -107.53628566340826, -107.53759118197098, -107.53759545717386, -107.53767250612691, -107.53767265148933]","[0.14336487499998896, 0.08628974999999173, 0.08661208300000567, 0.08875837500001182, 0.08791729099999657, 0.08545949999999891, 0.08087704099999371, 0.08108008300000336]",N2_corr,N/2,10,-107.58163492218243
new_HCT_Nover2_Comm,block2_pauli,6,-107.55684979217685,0.0247851300055828,False,0.770358041999998,6,True,False,False,100,7,1e-06,8.537322742085962e-07,0.0,"[-107.55010105414897, -107.55363544392678, -107.55580385100845, -107.55678103176734, -107.55686015568402, -107.55684893844457, -107.55684979217685]","[0.14920187500000281, 0.10148029200000508, 0.09359495799999706, 0.09300758300000211, 0.09210970899999893, 0.09398587500000133, 0.0875499160000004]",N2_corr,N/2,10,-107.58163492218243
new_HCT_Nover2_Comm,block2_pauli,7,-107.5623104130434,0.01932450913902528,False,0.9332316249999906,7,True,False,False,100,8,1e-06,2.9285644131959998e-08,0.0,"[-107.55567233210817, -107.56053557098781, -107.56211626426509, -107.56211490038194, -107.56216328452903, -107.56216409358153, -107.56231044232905, -107.5623104130434]","[0.17533466700000133, 0.11360554200000195, 0.09902704099999937, 0.10133391700000516, 0.09802795799998876, 0.09950125000000298, 0.09242062500000259, 0.0947482500000092]",N2_corr,N/2,10,-107.58163492218243
new_HCT_Nover2_Comm,block2_pauli,8,-107.56395319939236,0.01768172279007274,False,0.8305428339999992,8,True,False,False,100,7,1e-06,2.9541524781961925e-09,0.0,"[-107.55990453200664, -107.5629972717959, -107.5638703914685, -107.5639581831125, -107.56395842599744, -107.5639531964382, -107.56395319939236]","[0.18519320800000116, 0.10063833300000624, 0.09745083300001056, 0.0957770420000088, 0.10088508299998011, 0.0965342499999906, 0.09228879099998721]",N2_corr,N/2,10,-107.58163492218243
new_HCT_Nover2_Comm,block2_pauli,9,-107.56615679862531,0.015478123557116419,False,1.0497847089999937,9,True,False,False,100,7,1e-06,1.5203895031845605e-07,0.0,"[-107.56309241111641, -107.5653498650419, -107.56606489123679, -107.56615680357075, -107.56615785653366, -107.56615664658636, -107.56615679862531]","[0.22434908400001063, 0.13339183299999036, 0.1185782080000024, 0.13361779199999546, 0.141923208999998, 0.1268106249999903, 0.11215012499999943]",N2_corr,N/2,10,-107.58163492218243
new_HCT_Nover2_Comm,block2_pauli,10,-107.56817143340776,0.013463488774675625,False,1.102191290999997,10,True,False,False,100,7,1e-06,6.996032198003377e-09,0.0,"[-107.56418959503881, -107.5671758422792, -107.56792790133272, -107.56816739833312, -107.5681670768646, -107.56817144040379, -107.56817143340776]","[0.2418842090000055, 0.14209229200000095, 0.12202483400000119, 0.12738608300000465, 0.15451733300000114, 0.12450370900000962, 0.12976962499999445]",N2_corr,N/2,10,-107.58163492218243
new_HCT_Nover2_Comm,block2_pauli,12,-107.57459897328081,0.007035948901616962,False,1.1483018750000156,12,True,False,False,100,7,1e-06,2.9953071134514175e-09,0.0,"[-107.57210299665554, -107.57404004100611, -107.57450664216984, -107.57459929991765, -107.57459947020703, -107.57459897627612, -107.57459897328081]","[0.255586333999986, 0.1590303329999756, 0.13683050000000208, 0.13926675000001865, 0.13373754200000576, 0.13714483299997937, 0.12739879200000814]",N2_corr,N/2,10,-107.58163492218243
new_HCT_Nover2_Comm,block2_pauli,14,-107.57681270033191,0.004822221850517394,False,1.4111699169999952,14,True,False,False,100,7,1e-06,1.5680390674788214e-07,0.0,"[-107.57493934777264, -107.57654046842711, -107.57666268772209, -107.57678444706715, -107.57678521457166, -107.576812543528, -107.57681270033191]","[0.23092837500001906, 0.2197550830000239, 0.17720500000001493, 0.19008687499999155, 0.18880633299997385, 0.18195679199999404, 0.16240358400000332]",N2_corr,N/2,10,-107.58163492218243
new_HCT_Nover2_Comm,block2_pauli,16,-107.57814318655691,0.0034917356255164123,False,1.3894171670000048,16,True,False,False,100,7,1e-06,9.087935382012802e-08,0.0,"[-107.57653496559182, -107.57810898756989, -107.57813112358164, -107.57814197122337, -107.5781424416234, -107.57814309567756, -107.57814318655691]","[0.2689610420000008, 0.2077508749999879, 0.1700134589999891, 0.17296745900000587, 0.17440074999998956, 0.1721080000000086, 0.1650940000000105]",N2_corr,N/2,10,-107.58163492218243
new_HCT_Nover2_Comm,block2_pauli,18,-107.57908729365869,0.0025476285237431284,False,1.978587707999992,18,True,False,False,100,7,1e-06,1.305444641275244e-08,0.0,"[-107.57669856808872, -107.57885152990443, -107.57887067186658, -107.57908076871621, -107.57908094604468, -107.57908728060424, -107.57908729365869]","[0.2977312920000088, 0.3336500000000058, 0.25185512499999163, 0.2731203339999979, 0.24998924999999872, 0.2636625830000128, 0.2488414999999975]",N2_corr,N/2,10,-107.58163492218243
new_HCT_Nover2_Comm,block2_pauli,20,-107.57948244265839,0.0021524795240424055,False,2.0820547919999797,20,True,False,False,100,7,1e-06,4.769617589772679e-09,0.0,"[-107.57779324712521, -107.57940510691022, -107.5795718939475, -107.5794731094802, -107.579474275937, -107.579482447428, -107.57948244265839]","[0.3235976659999835, 0.32569200000000365, 0.2751096669999811, 0.27507470800000533, 0.27436695800000166, 0.28977424999999357, 0.2605157909999889]",N2_corr,N/2,10,-107.58163492218243
new_HCT_Nover2_Comm,block2_pauli,30,-107.58134370024145,0.0002912219409836325,True,5.115520333999996,30,True,False,False,100,8,1e-06,1.82746191512706e-07,0.0,"[-107.57805916324492, -107.58044140566085, -107.58126609900731, -107.58128777343269, -107.58133621685766, -107.58133937398335, -107.58134351749526, -107.58134370024145]","[0.41769183299999213, 0.9022170410000001, 0.730292334000012, 0.6275754579999955, 0.6043788329999984, 0.6159473749999904, 0.5440049590000058, 0.611426042000005]",N2_corr,N/2,10,-107.58163492218243
new_HCT_N_Comm,block2_pauli,1,-107.47420309968226,0.10743182250017469,False,0.6521677089999969,1,True,False,False,100,7,1e-06,1.9505009163367504e-08,0.0,"[-107.52694981960472, -107.47128764851195, -107.47211388938081, -107.47402231117618, -107.47402252687118, -107.47420308017725, -107.47420309968226]","[0.12902462499999956, 0.07411254199999462, 0.07109049999999684, 0.07568674999998848, 0.07015995800000496, 0.07085241600000813, 0.06475170799998864]",N2_corr,N,20,-107.58163492218243
new_HCT_N_Comm,block2_pauli,2,-107.50588684357446,0.0757480786079725,False,0.6311420410000039,2,True,False,False,100,7,1e-06,7.769074272800935e-11,0.0,"[-107.52694995868472, -107.50582726049225, -107.50588682017138, -107.50588684445034, -107.5058868435056, -107.50588684349677, -107.50588684357446]","[0.13806562499999586, 0.0722078750000037, 0.07147604100001104, 0.07244449999998892, 0.07123308299998143, 0.0723219580000034, 0.06916804200000115]",N2_corr,N,20,-107.58163492218243
new_HCT_N_Comm,block2_pauli,3,-107.5274930009488,0.05414192123363648,False,0.6690928330000077,3,True,False,False,100,7,1e-06,1.7726810597196163e-07,0.0,"[-107.52694995868472, -107.52471827961651, -107.52732951702171, -107.52747714781242, -107.52749200185093, -107.52749282368069, -107.5274930009488]","[0.1487339579999798, 0.07806020800001079, 0.07692295800001148, 0.07749066600001697, 0.07571479200001363, 0.07602645800000118, 0.07141329199998836]",N2_corr,N,20,-107.58163492218243
new_HCT_N_Comm,block2_pauli,4,-107.54712744175052,0.03450748043191254,False,0.739760208000007,4,True,False,False,100,7,1e-06,2.0126819322285883e-07,0.0,"[-107.54401291681819, -107.54455734756375, -107.54706075626686, -107.54711937841454, -107.54712692043249, -107.54712724048233, -107.54712744175052]","[0.15840000000000032, 0.0867128330000071, 0.08604420800000412, 0.08844737500001543, 0.087008792000006, 0.08787062499999365, 0.08304341699999895]",N2_corr,N,20,-107.58163492218243
new_HCT_N_Comm,block2_pauli,5,-107.5505827831148,0.031052139067625717,False,0.9653733750000129,5,True,False,False,100,9,1e-06,8.607044890140969e-07,0.0,"[-107.556165428068, -107.54816408168364, -107.55058370332128, -107.55055890286535, -107.55058206080705, -107.55058037983326, -107.55058343435647, -107.55058192241032, -107.5505827831148]","[0.16876737500001582, 0.09371900000002142, 0.09369945800000323, 0.09316675000002306, 0.09291400000000749, 0.09238854200000901, 0.08878949999999008, 0.08704020799999057, 0.0898935000000165]",N2_corr,N,20,-107.58163492218243
new_HCT_N_Comm,block2_pauli,6,-107.56568828688134,0.015946635301091305,False,1.1469220000000178,6,True,False,False,100,10,1e-06,9.280791459786997e-07,0.0,"[-107.55915168369107, -107.56177608086645, -107.56557657270109, -107.56566329983485, -107.56571984838428, -107.5657183076832, -107.56570271067257, -107.56570106674423, -107.56568921496049, -107.56568828688134]","[0.17623370799998384, 0.10250262499999963, 0.10299095799999236, 0.10290279200000896, 0.10369933299998024, 0.1018872920000149, 0.09839445800000135, 0.09681762499999991, 0.09918912500000943, 0.0961493750000102]",N2_corr,N,20,-107.58163492218243
new_HCT_N_Comm,block2_pauli,7,-107.56863951945041,0.012995402732016714,False,1.1731977919999963,7,True,False,False,100,9,1e-06,4.873763970181244e-07,0.0,"[-107.56367118863318, -107.56884358072043, -107.56994280787406, -107.56997733449015, -107.56994001947753, -107.56994102121277, -107.56907220069344, -107.56863903207402, -107.56863951945041]","[0.17811520899999778, 0.11065633300000854, 0.11205362499998728, 0.1110787920000007, 0.11220533299999147, 0.1112531249999904, 0.16187920799998778, 0.10580849999999486, 0.10653504200001862]",N2_corr,N,20,-107.58163492218243
new_HCT_N_Comm,block2_pauli,8,-107.57120949753741,0.010425424645021053,False,0.9650632499999858,8,True,False,False,100,8,1e-06,3.8308017735744215e-07,0.0,"[-107.56636490468985, -107.57203857396192, -107.57093205166603, -107.57126364468749, -107.57124106177635, -107.57124270788262, -107.57120988061759, -107.57120949753741]","[0.19008437499999786, 0.10192429200000674, 0.10438570800002367, 0.11152733299999795, 0.10350254099998324, 0.09974074999999516, 0.09514641699999515, 0.09455912499998931]",N2_corr,N,20,-107.58163492218243
new_HCT_N_Comm,block2_pauli,9,-107.5733931454269,0.00824177675552562,False,1.6740230830000087,9,True,False,False,100,12,1e-06,1.229037707162206e-07,0.0,"[-107.56762907357648, -107.5751034226573, -107.57566490621775, -107.57567468381743, -107.57509573787783, -107.57380711488645, -107.57343717532413, -107.57343575182949, -107.57341782456731, -107.57341661486778, -107.57339302252313, -107.5733931454269]","[0.2205270419999863, 0.12993116699999518, 0.1293727499999875, 0.13021741700001144, 0.12870149999997693, 0.1338639589999957, 0.1260122079999917, 0.12160650000001283, 0.12180387499998346, 0.12131766699999957, 0.12169879100000003, 0.121715082999998]",N2_corr,N,20,-107.58163492218243
new_HCT_N_Comm,block2_pauli,10,-107.57633207360702,0.00530284857541119,False,1.2407227919999855,10,True,False,False,100,8,1e-06,5.491868080298445e-07,0.0,"[-107.56909924451546, -107.57689657088281, -107.57636016144414, -107.57642269565574, -107.57635339231862, -107.57635486327516, -107.57633152442021, -107.57633207360702]","[0.23006679200000235, 0.13792979199999422, 0.13652150000001484, 0.13473295800000074, 0.13574062500001105, 0.13571687500001417, 0.13217883299998334, 0.13421550000001048]",N2_corr,N,20,-107.58163492218243
new_HCT_N_Comm,block2_pauli,12,-107.57848191414772,0.003153008034715299,False,1.379764291000015,12,True,False,False,100,8,1e-06,9.074456386315433e-08,0.0,"[-107.57585983383004, -107.57828620665805, -107.57832352880577, -107.57835494945495, -107.57846700446778, -107.57846756986099, -107.57848200489228, -107.57848191414772]","[0.26826750000000743, 0.1583333749999838, 0.1483257920000085, 0.15116550000001894, 0.15127258399999732, 0.1474769579999986, 0.14078825000001416, 0.14542733300001487]",N2_corr,N,20,-107.58163492218243
new_HCT_N_Comm,block2_pauli,14,-107.57989738919551,0.0017375329869224743,False,1.675887834000008,14,True,False,False,100,7,1e-06,7.591835924358747e-07,0.0,"[-107.5778102911496, -107.57924570896314, -107.57983478732197, -107.57990198731753, -107.5798975029782, -107.5798981483791, -107.57989738919551]","[0.32080604199998675, 0.215984375000005, 0.20510216700000683, 0.2272642499999904, 0.22327320799999484, 0.21284133400001792, 0.20280308300002048]",N2_corr,N,20,-107.58163492218243
new_HCT_N_Comm,block2_pauli,16,-107.58054906522975,0.001085856952684594,True,1.505301750000001,16,True,False,False,100,7,1e-06,2.8967042453587055e-07,0.0,"[-107.57886332224558, -107.58032191616302, -107.58044488690959, -107.58053865850306, -107.58054621297478, -107.58054877555932, -107.58054906522975]","[0.3203905829999769, 0.2002004169999907, 0.18891462500002376, 0.18466245899998057, 0.1843620410000142, 0.18489575000000968, 0.17788525000000277]",N2_corr,N,20,-107.58163492218243
new_HCT_Nover2_Comm,block2_pauli,1,-107.07206668761792,0.3830889100878352,False,0.6779819589999931,1,True,False,False,100,7,1e-06,1.2931877790833823e-12,0.0,"[-107.29205355376953, -107.02883133040697, -107.07206668761643, -107.07206668761643, -107.07206668761758, -107.07206668761663, -107.07206668761792]","[0.14558100000002128, 0.07391987500000141, 0.0711140410000155, 0.07095175000000609, 0.0708415420000108, 0.07423370800000839, 0.0758009159999915]",N2_diss,N/2,10,-107.45515559770575
new_HCT_Nover2_Comm,block2_pauli,2,-107.31013556130627,0.14502003639948668,False,0.727771166999986,2,True,False,False,100,7,1e-06,2.8303901444814983e-09,0.0,"[-107.31664788480157, -107.31072853204594, -107.31034046899015, -107.31017408988305, -107.31013695861436, -107.31013556413666, -107.31013556130627]","[0.15781579200000806, 0.07579712499997981, 0.08652458400001706, 0.09285970800002019, 0.09308687499998314, 0.07687925000001883, 0.06888087499999074]",N2_diss,N/2,10,-107.45515559770575
new_HCT_Nover2_Comm,block2_pauli,3,-107.35050030392105,0.10465529378470251,False,0.7748063749999972,3,True,False,False,100,8,1e-06,8.847678145684768e-11,0.0,"[-107.3986269630736, -107.35351108892146, -107.35174147019599, -107.35174147012324, -107.35104066171272, -107.35104066163086, -107.35050030400953, -107.35050030392105]","[0.17285662500000853, 0.07880825000000868, 0.07747395799998458, 0.07755929200001788, 0.07682783300001006, 0.07728466699998648, 0.07272000000000389, 0.07279891600001065]",N2_diss,N/2,10,-107.45515559770575
new_HCT_Nover2_Comm,block2_pauli,4,-107.42869647471349,0.026459122992264383,False,0.8260606249999967,4,True,False,False,100,8,1e-06,1.693933882052079e-11,0.0,"[-107.39924003725949, -107.42503820941285, -107.42852775042309, -107.42866482411392, -107.4286939648587, -107.42869396486816, -107.42869647473043, -107.42869647471349]","[0.1717378339999982, 0.0872840420000216, 0.08662649999999417, 0.08683000000002039, 0.08247500000001651, 0.08401629200000116, 0.08076787499999227, 0.07817900000000577]",N2_diss,N/2,10,-107.45515559770575
new_HCT_Nover2_Comm,block2_pauli,5,-107.43121965968695,0.02393593801880911,False,0.9276891670000111,5,True,False,False,100,8,1e-06,2.587418066468672e-07,0.0,"[-107.40142227241262, -107.42698773779583, -107.42872403065712, -107.42936163229905, -107.42905878673196, -107.42959762751971, -107.43121940094514, -107.43121965968695]","[0.1870328329999893, 0.09071504100000993, 0.08925116700001468, 0.09063725000001455, 0.09107883400000105, 0.09060604100000091, 0.0870534169999928, 0.1312231670000017]",N2_diss,N/2,10,-107.45515559770575
new_HCT_Nover2_Comm,block2_pauli,6,-107.43049152072783,0.024664076977927607,False,0.9381264170000065,6,True,False,False,100,8,1e-06,6.907316958404408e-07,0.0,"[-107.40912894381063, -107.4276869967955, -107.4295629868297, -107.43001859324558, -107.43044744787628, -107.43043820316882, -107.43049221145952, -107.43049152072783]","[0.1974678330000188, 0.10093212499998572, 0.09692599999999629, 0.09948024999999916, 0.09759191699998837, 0.09726249999999936, 0.08994920799997885, 0.08875912500002414]",N2_diss,N/2,10,-107.45515559770575
new_HCT_Nover2_Comm,block2_pauli,7,-107.43196940234819,0.023186195357567385,False,0.8900012919999938,7,True,False,False,100,7,1e-06,1.0443679343552503e-07,0.0,"[-107.42937249389126, -107.43202884944313, -107.4320880010336, -107.43200221921418, -107.43200464376531, -107.4319692979114, -107.43196940234819]","[0.20343412500000113, 0.10605579200000648, 0.10363100000000713, 0.10344087499998977, 0.1035040419999973, 0.10510700000000384, 0.09630379200001471]",N2_diss,N/2,10,-107.45515559770575
new_HCT_Nover2_Comm,block2_pauli,8,-107.43404850016853,0.021107097537225172,False,0.8731755000000021,8,True,False,False,100,7,1e-06,4.8268503860526835e-08,0.0,"[-107.43074899041935, -107.43399726508451, -107.43404766388039, -107.43404766388352, -107.4340484518584, -107.43404845190003, -107.43404850016853]","[0.21300966699999435, 0.09913749999998345, 0.10122058400000356, 0.098109667000017, 0.10030100000000175, 0.09835837500000366, 0.0951167919999989]",N2_diss,N/2,10,-107.45515559770575
new_HCT_Nover2_Comm,block2_pauli,9,-107.4395216504779,0.015633947227854605,False,1.0427092500000015,9,True,False,False,100,7,1e-06,6.234557758943993e-09,0.0,"[-107.43651717688701, -107.43944248332889, -107.43952162939394, -107.43952162937492, -107.43952165668756, -107.43952165671246, -107.4395216504779]","[0.26700741600001265, 0.12494687500000623, 0.12310687499999062, 0.11898458299998538, 0.11507766699998001, 0.11729079099998785, 0.1083392920000108]",N2_diss,N/2,10,-107.45515559770575
new_HCT_Nover2_Comm,block2_pauli,10,-107.4414774731442,0.01367812456155093,False,1.2644587919999992,10,True,False,False,100,8,1e-06,3.1178615245153196e-11,0.0,"[-107.43846288725882, -107.44118574831245, -107.44133640154362, -107.44133640163446, -107.44136619692783, -107.44136619701668, -107.44147747311303, -107.4414774731442]","[0.2890181660000053, 0.13453633299999979, 0.13238679199997705, 0.12465158399999154, 0.13820729200000414, 0.13092100000000073, 0.12808387500001572, 0.11714720800000578]",N2_diss,N/2,10,-107.45515559770575
new_HCT_Nover2_Comm,block2_pauli,12,-107.4436619508194,0.011493646886350462,False,1.3809434169999975,12,True,False,False,100,8,1e-06,4.6128434405545704e-11,0.0,"[-107.44058548701025, -107.4435919477493, -107.44363738068304, -107.4436373805948, -107.44365124879982, -107.44365124876529, -107.44366195086553, -107.4436619508194]","[0.3355924170000151, 0.1575985839999987, 0.14255491700001244, 0.13266641599997797, 0.13768799999999715, 0.13112170900001274, 0.13410091599999419, 0.136101291999978]",N2_diss,N/2,10,-107.45515559770575
new_HCT_Nover2_Comm,block2_pauli,14,-107.44584440937112,0.00931118833463529,False,1.8890799580000248,14,True,False,False,100,8,1e-06,5.214850773427315e-07,0.0,"[-107.43440093328427, -107.44476149731068, -107.44485085687009, -107.44530243170634, -107.44578547352222, -107.44584252858334, -107.44584388788604, -107.44584440937112]","[0.35819062499999177, 0.21960016700001006, 0.20973633300002348, 0.19905149999999594, 0.20500320800002214, 0.25319437500002095, 0.18881970800001113, 0.18204049999999938]",N2_diss,N/2,10,-107.45515559770575
new_HCT_Nover2_Comm,block2_pauli,16,-107.45249090910485,0.0026646886009018544,False,2.3921040419999997,16,True,False,False,100,11,1e-06,1.4670693815332925e-07,0.0,"[-107.4247538094838, -107.44728302185447, -107.44748856353041, -107.44782521563044, -107.44814837437903, -107.44955135334015, -107.45215076383575, -107.45251964852326, -107.45252141434284, -107.45249076239791, -107.45249090910485]","[0.3777231249999886, 0.21841345799998635, 0.19860354100001132, 0.19071045799998387, 0.19319612500001426, 0.19405016700000033, 0.2106946669999843, 0.18134304200000884, 0.19076737499997876, 0.1752480000000105, 0.18781712499998093]",N2_diss,N/2,10,-107.45515559770575
new_HCT_Nover2_Comm,block2_pauli,18,-107.4527979103064,0.002357687399353381,False,2.3190235829999892,18,True,False,False,100,7,1e-06,9.257956747887874e-07,0.0,"[-107.43760774284385, -107.44843856393152, -107.44884641277443, -107.4509004636714, -107.45271609402809, -107.45279698451073, -107.4527979103064]","[0.341064082999992, 0.34047004199999265, 0.3301079999999956, 0.3205917500000055, 0.3271610829999929, 0.3052417090000006, 0.2838414999999941]",N2_diss,N/2,10,-107.45515559770575
new_HCT_Nover2_Comm,block2_pauli,20,-107.45308138617443,0.0020742115313225895,False,2.635103167000011,20,True,False,False,100,8,1e-06,2.2966554524828098e-07,0.0,"[-107.42313115180187, -107.44856490636302, -107.44888025390985, -107.45147710418073, -107.45303687185384, -107.45306973399727, -107.45308115650889, -107.45308138617443]","[0.3693205829999897, 0.3547396669999898, 0.3169608750000066, 0.33700512499999036, 0.3636246249999999, 0.29539150000002223, 0.26570916700001135, 0.25746166600001175]",N2_diss,N/2,10,-107.45515559770575
new_HCT_Nover2_Comm,block2_pauli,30,-107.4548317888772,0.00032380882855420623,True,6.687036374999991,30,True,False,False,100,9,1e-06,6.281703690547147e-07,0.0,"[-107.42711097552055, -107.4491525554455, -107.45428673590472, -107.45456561901656, -107.4546774857024, -107.45481496052196, -107.45482583554691, -107.45483116070683, -107.4548317888772]","[0.5569306659999995, 0.9972360410000078, 1.0813632500000097, 0.7662779169999965, 0.7340810000000033, 0.687884041999979, 0.6247630000000015, 0.5773448749999943, 0.5898866250000196]",N2_diss,N/2,10,-107.45515559770575
new_HCT_N_Comm,block2_pauli,1,-107.28627536820815,0.16888022949760284,False,0.6955479160000095,1,True,False,False,100,8,1e-06,3.836930773104541e-12,0.0,"[-107.37715103540825, -107.28638245609913, -107.28631739632544, -107.28631739632507, -107.28628887517216, -107.28628887517128, -107.28627536820431, -107.28627536820815]","[0.11668820800002777, 0.07206979199997932, 0.07184383399999206, 0.07221258300000954, 0.07153441699995255, 0.0722154580000165, 0.06712225000001126, 0.06732858300000544]",N2_diss,N,20,-107.45515559770575
new_HCT_N_Comm,block2_pauli,2,-107.38615224566786,0.06900335203789609,False,0.6399074999999925,2,True,False,False,100,7,1e-06,1.7053025658242404e-13,0.0,"[-107.38605830404612, -107.38605848305241, -107.38610078184703, -107.3861522412475, -107.38615224124932, -107.38615224566803, -107.38615224566786]","[0.13655695900001774, 0.07380358399996112, 0.07544316600001366, 0.0755264170000487, 0.07487195900000643, 0.07351899999997613, 0.06826795799997853]",N2_diss,N,20,-107.45515559770575
new_HCT_N_Comm,block2_pauli,3,-107.39774927114343,0.05740632656232947,False,0.6863186250000126,3,True,False,False,100,7,1e-06,3.295641306522157e-07,0.0,"[-107.38600257597747, -107.38632465634716, -107.38869078926024, -107.39785920979615, -107.39773838181165, -107.3977489415793, -107.39774927114343]","[0.1680591250000134, 0.07747366600000305, 0.07702862500002539, 0.07687262500002134, 0.07675904199999195, 0.07658162500001708, 0.07233383300001606]",N2_diss,N,20,-107.45515559770575
new_HCT_N_Comm,block2_pauli,4,-107.41624879581259,0.038906801893162424,False,0.729551167000011,4,True,False,False,100,7,1e-06,1.2505552149377763e-11,0.0,"[-107.41622185562224, -107.41622558361951, -107.41647788251186, -107.41622832142383, -107.41622832143474, -107.41624879580009, -107.41624879581259]","[0.1948239999999828, 0.080662000000018, 0.08052529199994751, 0.07931658299997935, 0.0785369579999724, 0.08072391700000026, 0.07445233300001064]",N2_diss,N,20,-107.45515559770575
new_HCT_N_Comm,block2_pauli,5,-107.42008191350985,0.03507368419590762,False,0.7974689580000245,5,True,False,False,100,7,1e-06,3.0453861654677894e-11,0.0,"[-107.4161409065269, -107.41621388568433, -107.42001891153275, -107.4200522618952, -107.42008048790571, -107.4200819134794, -107.42008191350985]","[0.19568637499997976, 0.09685162499999933, 0.09384383299999399, 0.08847229099995957, 0.09019691700001431, 0.09042500000003884, 0.08099824999999328]",N2_diss,N,20,-107.45515559770575
new_HCT_N_Comm,block2_pauli,6,-107.42015057129234,0.03500502641341541,False,1.261791125000002,6,True,False,False,100,12,1e-06,1.145486976383836e-07,0.0,"[-107.41621752974814, -107.41641980110435, -107.41650247180081, -107.41650410933914, -107.4165221879534, -107.41664975830535, -107.41774715422771, -107.41992019779818, -107.4201475352812, -107.42014928033441, -107.42015045674364, -107.42015057129234]","[0.207268541000019, 0.0991165419999902, 0.09498258299998952, 0.09132820799999308, 0.09233375000002297, 0.0925980000000095, 0.09029854099998147, 0.08778649999999288, 0.09162049999997635, 0.08423591700000088, 0.08326324999995904, 0.0828037499999823]",N2_diss,N,20,-107.45515559770575
new_HCT_N_Comm,block2_pauli,7,-107.42025857256448,0.03489702514127657,False,0.8745994590000237,7,True,False,False,100,7,1e-06,4.718003765447065e-12,0.0,"[-107.4162169993163, -107.41644414047305, -107.42025667851895, -107.42025670188926, -107.42025670954129, -107.42025857255976, -107.42025857256448]","[0.2165576250000072, 0.11497183399995947, 0.10863216699999612, 0.09649375000003602, 0.093687999999986, 0.09380554199998414, 0.08895445899997867]",N2_diss,N,20,-107.45515559770575
new_HCT_N_Comm,block2_pauli,8,-107.42432880651094,0.03082679119481213,False,1.226053707999995,8,True,False,False,100,11,1e-06,1.3463420600601239e-08,0.0,"[-107.41625394246057, -107.4181443316434, -107.42025665571117, -107.4202584589459, -107.42028493775035, -107.42092371955938, -107.42412292962092, -107.42432802744759, -107.42433098548986, -107.42432879304752, -107.42432880651094]","[0.21851341700005378, 0.10290966700000581, 0.10141845800001192, 0.09474304200000461, 0.09676899999999478, 0.09543958299997257, 0.09317412500001865, 0.09041370800002824, 0.09106429100000923, 0.08752712500000825, 0.09017479200002754]",N2_diss,N,20,-107.45515559770575
new_HCT_N_Comm,block2_pauli,9,-107.42358234745352,0.03157325025223656,False,1.0418453749999799,9,True,False,False,100,7,1e-06,1.745164013300382e-09,0.0,"[-107.41643725849812, -107.42121488478111, -107.4231116316484, -107.4235670915968, -107.42358237690016, -107.42358234570835, -107.42358234745352]","[0.2628520000000094, 0.1366212500000188, 0.12761325000002444, 0.1180335000000241, 0.11617554199995084, 0.11198450000000548, 0.10741841599997315]",N2_diss,N,20,-107.45515559770575
new_HCT_N_Comm,block2_pauli,10,-107.42366905299193,0.031486544713828835,False,1.2245120000000043,10,True,False,False,100,8,1e-06,1.2138389138272032e-07,0.0,"[-107.41622008346854, -107.41988998271273, -107.42333125586725, -107.42355268121875, -107.4236678656498, -107.42366775659846, -107.42366893160803, -107.42366905299193]","[0.25928475000000617, 0.1574539579999623, 0.1458662919999938, 0.1285043339999561, 0.12491624999995565, 0.1185956660000329, 0.11667237500000738, 0.1120310830000335]",N2_diss,N,20,-107.45515559770575
new_HCT_N_Comm,block2_pauli,12,-107.4270965593854,0.028059038320350282,False,2.0116095420000306,12,True,False,False,100,14,1e-06,7.00860880442633e-08,0.0,"[-107.42027236480968, -107.42268035604636, -107.42592421857738, -107.42594051968047, -107.42596029075585, -107.42597959763239, -107.4260605173943, -107.42629142140655, -107.4267603470785, -107.42703101521691, -107.42708760523715, -107.4270948643662, -107.42709648929932, -107.4270965593854]","[0.2741930830000001, 0.1391693749999945, 0.14018387500004792, 0.12894166699999232, 0.13364158299998508, 0.1264567500000453, 0.13002970799999503, 0.1202519170000187, 0.13122712500000944, 0.12408187500000167, 0.13291862500000207, 0.12015716700000212, 0.12496579200001179, 0.11811229199997797]",N2_diss,N,20,-107.45515559770575
new_HCT_N_Comm,block2_pauli,14,-107.4273053272675,0.02785027043825039,False,1.575685582999995,14,True,False,False,100,8,1e-06,4.246828666509828e-09,0.0,"[-107.41886278548358, -107.4244773067244, -107.42610413010297, -107.42698825733947, -107.4272915971996, -107.42730308858711, -107.42730533151433, -107.4273053272675]","[0.30178454200000715, 0.1982196249999788, 0.2007502499999987, 0.17420554099999208, 0.183405209, 0.16064837499999385, 0.15201212499999883, 0.14301308299997118]",N2_diss,N,20,-107.45515559770575
new_HCT_N_Comm,block2_pauli,16,-107.45161527279167,0.003540324914084181,False,3.800889457999972,16,True,False,False,100,17,1e-06,2.5165860506604076e-09,0.0,"[-107.42970612610917, -107.44592821734072, -107.44760550495299, -107.44834540581778, -107.44955988488786, -107.44983878175051, -107.44990586245925, -107.44990187481541, -107.4499072222331, -107.45001958191231, -107.45058554156168, -107.45116003005839, -107.45156954497378, -107.45159546803187, -107.45161684089175, -107.45161527530826, -107.45161527279167]","[0.39863304199997174, 0.2383302909999543, 0.22035237500000449, 0.20667145800001663, 0.21268837499997062, 0.20428766600002746, 0.19866558299997905, 0.20120562500000005, 0.20020095799998217, 0.2049935829999754, 0.2322085829999878, 0.20453829200005202, 0.202867083000001, 0.20061779200000274, 0.20468220899999778, 0.19787312500000098, 0.19997979200002192]",N2_diss,N,20,-107.45515559770575
new_HCT_N_Comm,block2_pauli,18,-107.45335648269054,0.0017991150152170121,False,5.270341790999964,18,True,False,False,100,15,1e-06,4.548311949292838e-08,0.0,"[-107.43125095833025, -107.44863773539186, -107.45037134939841, -107.45132889737658, -107.45163793404348, -107.4517425771686, -107.45177837699254, -107.45185027031278, -107.45219097212382, -107.45286607686599, -107.45330874830654, -107.45332839533253, -107.45335782977843, -107.45335652817366, -107.45335648269054]","[0.4206627920000301, 0.4018092919999958, 0.34029937500002916, 0.334858875000009, 0.33703941700002815, 0.34367554200002814, 0.3347544999999741, 0.32373975000001565, 0.33820679199999404, 0.33621895800001766, 0.34710450000000037, 0.3317316670000423, 0.34158412499999713, 0.3341514170000437, 0.3361068749999845]",N2_diss,N,20,-107.45515559770575
new_HCT_N_Comm,block2_pauli,20,-107.45379653242347,0.0013590652822870197,True,3.5667124170000193,20,True,False,False,100,10,1e-06,3.000964170496445e-07,0.0,"[-107.43706115340237, -107.44926183928081, -107.45237807431221, -107.45333890303118, -107.45357596673912, -107.45376341990735, -107.4537149185129, -107.45380832491662, -107.45379683251988, -107.45379653242347]","[0.4436147920000053, 0.3991962090000243, 0.35948241599999164, 0.32944787500002803, 0.34839795800002094, 0.32907366699998875, 0.32041145899995627, 0.32545450000003484, 0.32724645899997995, 0.31878387500000827]",N2_diss,N,20,-107.45515559770575
