system,frame,first_converged_bond_dim,converged_within_grid,mpo_bond_dimension,first_converged_dmrg_seconds
F2_corr,raw_fermionic_su2,3,True,87,0.10606108399952063
F2_corr,raw_qubit,4,True,369,0.4075366250035586
F2_corr,seniority_Nover2,2,True,416,0.45288308399904054
F2_corr,HCT_Nover2_Comm,5,True,884,0.5554181250045076
F2_corr,HCT_N_Comm,2,True,726,0.5101105829962762
F2_corr,Pauli_BLISS+HCT_N_Comm,4,True,607,1.3831255830009468
F2_corr,BS_Nover2_Comm,2,True,706,0.47371087499777786
F2_corr,BS_N_Comm,2,True,1112,0.7180694169946946
F2_corr,HCT_N_Comm_Fiedler,2,True,581,0.4922138330002781
F2_corr,BS_N_Comm_Fiedler,2,True,1095,0.5746975830043084
F2_diss,raw_fermionic_su2,1,True,87,0.08807945900480263
F2_diss,raw_qubit,2,True,371,0.5388049999965006
F2_diss,seniority_Nover2,1,True,416,0.49869604199921014
F2_diss,HCT_Nover2_Comm,1,True,897,0.6346277499978896
F2_diss,HCT_N_Comm,1,True,851,0.5752059160004137
F2_diss,Pauli_BLISS+HCT_N_Comm,2,True,810,7.58085199999914
F2_diss,BS_Nover2_Comm,2,True,806,0.5431179160004831
F2_diss,BS_N_Comm,1,True,1136,0.6799998330025119
F2_diss,HCT_N_Comm_Fiedler,1,True,744,0.5600624590006191
F2_diss,BS_N_Comm_Fiedler,1,True,1317,0.9763529170013499
F2_eqm,raw_fermionic_su2,3,True,87,0.15469816700351657
F2_eqm,raw_qubit,5,True,364,0.3884152499958873
F2_eqm,seniority_Nover2,3,True,416,0.39864745900558773
F2_eqm,HCT_Nover2_Comm,4,True,645,0.46637616700172657
F2_eqm,HCT_N_Comm,2,True,481,0.46281287500460166
F2_eqm,Pauli_BLISS+HCT_N_Comm,6,True,888,1.909530833007011
F2_eqm,BS_Nover2_Comm,3,True,654,0.4549720829963917
F2_eqm,BS_N_Comm,2,True,939,0.5895633340041968
F2_eqm,HCT_N_Comm_Fiedler,2,True,764,0.4877563749978435
F2_eqm,BS_N_Comm_Fiedler,2,True,709,0.5006577499952982
H2O_corr,raw_fermionic_su2,5,True,53,0.07394487500278046
H2O_corr,raw_qubit,,False,166,
H2O_corr,seniority_Nover2,5,True,198,0.6806734579949989
H2O_corr,HCT_Nover2_Comm,5,True,459,0.6705952499978594
H2O_corr,HCT_N_Comm,4,True,390,0.5754596660044626
H2O_corr,Pauli_BLISS+HCT_N_Comm,4,True,488,0.8475994590044138
H2O_corr,BS_Nover2_Comm,,False,253,
H2O_corr,BS_N_Comm,4,True,452,0.4956640839955071
H2O_corr,HCT_N_Comm_Fiedler,4,True,460,0.7510893340004259
H2O_corr,BS_N_Comm_Fiedler,4,True,485,0.9911723749974044
H2O_diss,raw_fermionic_su2,2,True,53,0.062222375003329944
H2O_diss,raw_qubit,3,True,165,0.2570334999982151
H2O_diss,seniority_Nover2,2,True,200,0.26238537499739323
H2O_diss,HCT_Nover2_Comm,1,True,331,0.23596729199925903
H2O_diss,HCT_N_Comm,1,True,426,0.32588733300508466
H2O_diss,Pauli_BLISS+HCT_N_Comm,1,True,286,0.2499801669982844
H2O_diss,BS_Nover2_Comm,2,True,273,0.2325219590056804
H2O_diss,BS_N_Comm,1,True,340,0.4146911249990808
H2O_diss,HCT_N_Comm_Fiedler,1,True,398,0.27646145800099475
H2O_diss,BS_N_Comm_Fiedler,2,True,290,0.33379320800304413
H2O_eqm,raw_fermionic_su2,5,True,53,0.06728791700152215
H2O_eqm,raw_qubit,10,True,203,0.27367579199926695
H2O_eqm,seniority_Nover2,5,True,199,0.2216382499973406
H2O_eqm,HCT_Nover2_Comm,5,True,340,0.236365749995457
H2O_eqm,HCT_N_Comm,4,True,326,0.2191289170004893
H2O_eqm,Pauli_BLISS+HCT_N_Comm,4,True,304,0.2171545419987524
H2O_eqm,BS_Nover2_Comm,5,True,289,0.21025070800533285
H2O_eqm,BS_N_Comm,6,True,433,0.26514912499987986
H2O_eqm,HCT_N_Comm_Fiedler,4,True,273,0.21524554200004786
H2O_eqm,BS_N_Comm_Fiedler,5,True,445,0.26232245799474185
H4chain_corr,raw_fermionic_su2,3,True,27,0.021966249994875398
H4chain_corr,raw_qubit,9,True,70,0.10682387500128243
H4chain_corr,seniority_Nover2,4,True,52,0.09659991599619389
H4chain_corr,HCT_Nover2_Comm,3,True,75,0.09188941700267605
H4chain_corr,HCT_N_Comm,3,True,68,0.0893741659965599
H4chain_corr,Pauli_BLISS+HCT_N_Comm,3,True,68,0.10658212500129594
H4chain_corr,BS_Nover2_Comm,4,True,73,0.1017919579971931
H4chain_corr,BS_N_Comm,3,True,82,0.08583254100085469
H4chain_corr,HCT_N_Comm_Fiedler,3,True,78,0.16099483300058637
H4chain_corr,BS_N_Comm_Fiedler,3,True,71,0.08970829100144329
H4chain_diss,raw_fermionic_su2,3,True,27,0.026624541998899076
H4chain_diss,raw_qubit,8,True,70,0.18341316699661547
H4chain_diss,seniority_Nover2,4,True,52,0.11116587499418529
H4chain_diss,HCT_Nover2_Comm,2,True,75,0.09660250000160886
H4chain_diss,HCT_N_Comm,2,True,67,0.09514091599703534
H4chain_diss,Pauli_BLISS+HCT_N_Comm,2,True,78,0.10891187499510124
H4chain_diss,BS_Nover2_Comm,2,True,79,0.10518666700227186
H4chain_diss,BS_N_Comm,2,True,88,0.11861287500505568
H4chain_diss,HCT_N_Comm_Fiedler,2,True,89,0.0988962920018821
H4chain_diss,BS_N_Comm_Fiedler,2,True,74,0.10918825000408106
H4chain_eqm,raw_fermionic_su2,3,True,27,0.02922575000411598
H4chain_eqm,raw_qubit,7,True,70,0.09956883400445804
H4chain_eqm,seniority_Nover2,4,True,52,0.09073654200619785
H4chain_eqm,HCT_Nover2_Comm,2,True,75,0.07535866699618055
H4chain_eqm,HCT_N_Comm,2,True,73,0.08525920799729647
H4chain_eqm,Pauli_BLISS+HCT_N_Comm,2,True,73,0.07756308399984846
H4chain_eqm,BS_Nover2_Comm,2,True,75,0.07788383300066926
H4chain_eqm,BS_N_Comm,2,True,90,0.08822108300228138
H4chain_eqm,HCT_N_Comm_Fiedler,2,True,82,0.08086991599702742
H4chain_eqm,BS_N_Comm_Fiedler,2,True,98,0.08330858300178079
H4rect_corr,raw_fermionic_su2,4,True,27,0.02271291700162692
H4rect_corr,raw_qubit,,False,40,
H4rect_corr,seniority_Nover2,4,True,33,0.06436095800017938
H4rect_corr,HCT_Nover2_Comm,2,True,47,0.06742066700098803
H4rect_corr,HCT_N_Comm,2,True,42,0.08237258300505346
H4rect_corr,Pauli_BLISS+HCT_N_Comm,2,True,42,0.08628837500145892
H4rect_corr,BS_Nover2_Comm,2,True,47,0.06693595799879404
H4rect_corr,BS_N_Comm,2,True,53,0.08586004099925049
H4rect_corr,HCT_N_Comm_Fiedler,2,True,51,0.07485425000049872
H4rect_corr,BS_N_Comm_Fiedler,2,True,53,0.1060373329964932
H4rect_diss,raw_fermionic_su2,3,True,27,0.023297958003240637
H4rect_diss,raw_qubit,8,True,40,0.09072754199587507
H4rect_diss,seniority_Nover2,4,True,37,0.18196795899712015
H4rect_diss,HCT_Nover2_Comm,2,True,41,0.07356312499905471
H4rect_diss,HCT_N_Comm,2,True,49,0.07420804199500708
H4rect_diss,Pauli_BLISS+HCT_N_Comm,2,True,48,0.07904187500389526
H4rect_diss,BS_Nover2_Comm,2,True,41,0.06730050000624033
H4rect_diss,BS_N_Comm,2,True,50,0.07606337500328664
H4rect_diss,HCT_N_Comm_Fiedler,2,True,53,0.08235933299874887
H4rect_diss,BS_N_Comm_Fiedler,2,True,50,0.08014891699713189
LIH_corr,raw_fermionic_su2,2,True,51,0.054258458003459964
LIH_corr,raw_qubit,4,True,103,0.2806465419998858
LIH_corr,seniority_Nover2,3,True,115,0.2668987080032821
LIH_corr,HCT_Nover2_Comm,4,True,166,0.184609707997879
LIH_corr,HCT_N_Comm,2,True,173,0.15426720899995416
LIH_corr,Pauli_BLISS+HCT_N_Comm,3,True,189,0.17559341699961806
LIH_corr,BS_Nover2_Comm,4,True,166,0.16854891699767904
LIH_corr,BS_N_Comm,2,True,170,0.1651426660027937
LIH_corr,HCT_N_Comm_Fiedler,2,True,200,0.20734520800033351
LIH_corr,BS_N_Comm_Fiedler,2,True,271,0.18071475000033388
LIH_eqm,raw_fermionic_su2,3,True,51,0.04170341700228164
LIH_eqm,raw_qubit,4,True,103,0.17090583299432183
LIH_eqm,seniority_Nover2,2,True,115,0.16318049999972573
LIH_eqm,HCT_Nover2_Comm,3,True,166,0.16840041599789402
LIH_eqm,HCT_N_Comm,2,True,197,0.16686770800151862
LIH_eqm,Pauli_BLISS+HCT_N_Comm,2,True,197,0.18312191600125516
LIH_eqm,BS_Nover2_Comm,3,True,169,0.16736849999870174
LIH_eqm,BS_N_Comm,1,True,204,0.18019283300236566
LIH_eqm,HCT_N_Comm_Fiedler,2,True,310,0.21564329200191423
LIH_eqm,BS_N_Comm_Fiedler,1,True,330,0.18830124999658437
N2_corr,raw_fermionic_su2,30,True,83,0.2822666249994654
N2_corr,raw_qubit,40,True,291,9.89426016699872
N2_corr,seniority_Nover2,16,True,417,2.1985304589979933
N2_corr,HCT_Nover2_Comm,30,True,884,5.3007296249998035
N2_corr,HCT_N_Comm,12,True,734,1.0486049169994658
N2_corr,Pauli_BLISS+HCT_N_Comm,12,True,865,3.6348758340027416
N2_corr,BS_Nover2_Comm,16,True,628,1.1297414580039913
N2_corr,BS_N_Comm,12,True,780,0.9222938329985482
N2_corr,HCT_N_Comm_Fiedler,10,True,738,0.7387953330035089
N2_corr,BS_N_Comm_Fiedler,8,True,690,0.6524665000033565
N2_diss,raw_fermionic_su2,30,True,83,0.3000772910017986
N2_diss,raw_qubit,60,True,291,13.195024208995164
N2_diss,seniority_Nover2,20,True,417,1.784770459002175
N2_diss,HCT_Nover2_Comm,30,True,885,5.111919791001128
N2_diss,HCT_N_Comm,14,True,670,3.27461041600327
N2_diss,Pauli_BLISS+HCT_N_Comm,10,True,906,5.119830957999511
N2_diss,BS_Nover2_Comm,16,True,585,1.245932666999579
N2_diss,BS_N_Comm,18,True,1073,2.5166725829985808
N2_diss,HCT_N_Comm_Fiedler,10,True,667,0.9566084999969462
N2_diss,BS_N_Comm_Fiedler,7,True,860,0.9244106250043842
N2_eqm,raw_fermionic_su2,30,True,87,0.3471634579982492
N2_eqm,raw_qubit,50,True,366,12.631052749995433
N2_eqm,seniority_Nover2,16,True,416,1.0144667080021463
N2_eqm,HCT_Nover2_Comm,20,True,742,2.035156875004759
N2_eqm,HCT_N_Comm,8,True,592,0.6003510000009555
N2_eqm,Pauli_BLISS+HCT_N_Comm,8,True,676,2.197355583004537
N2_eqm,BS_Nover2_Comm,14,True,629,1.701571249999688
N2_eqm,BS_N_Comm,8,True,862,0.9156428749993211
N2_eqm,HCT_N_Comm_Fiedler,10,True,824,1.363686749995395
N2_eqm,BS_N_Comm_Fiedler,8,True,1074,0.9002730829961365
O2_1.2075_sto_3g,raw_fermionic_su2,14,True,63,0.13277937499515247
O2_1.2075_sto_3g,raw_qubit,16,True,291,0.9482229159984854
O2_1.2075_sto_3g,seniority_Nover2,14,True,417,0.8367626249964815
O2_1.2075_sto_3g,HCT_Nover2_Comm,10,True,539,0.7248100840006373
O2_1.2075_sto_3g,HCT_N_Comm,5,True,558,0.5159818329993868
O2_1.2075_sto_3g,Pauli_BLISS+HCT_N_Comm,6,True,773,1.562595750001492
O2_1.2075_sto_3g,BS_Nover2_Comm,9,True,665,0.7518647920005606
O2_1.2075_sto_3g,BS_N_Comm,4,True,773,0.6336374590027845
O2_1.2075_sto_3g,HCT_N_Comm_Fiedler,4,True,693,0.5687340000004042
O2_1.2075_sto_3g,BS_N_Comm_Fiedler,3,True,681,0.5669335409984342
O2_1.7500_sto_3g,raw_fermionic_su2,16,True,63,0.3311960829960299
O2_1.7500_sto_3g,raw_qubit,14,True,291,1.5931387089949567
O2_1.7500_sto_3g,seniority_Nover2,16,True,417,1.2622128750008414
O2_1.7500_sto_3g,HCT_Nover2_Comm,9,True,809,0.9480757089986582
O2_1.7500_sto_3g,HCT_N_Comm,6,True,659,0.7351618340035202
O2_1.7500_sto_3g,Pauli_BLISS+HCT_N_Comm,9,True,771,3.8720761249933275
O2_1.7500_sto_3g,BS_Nover2_Comm,12,True,672,0.8796650410004077
O2_1.7500_sto_3g,BS_N_Comm,6,True,1290,0.9878662080009235
O2_1.7500_sto_3g,HCT_N_Comm_Fiedler,5,True,916,1.0902858329936862
O2_1.7500_sto_3g,BS_N_Comm_Fiedler,5,True,833,0.7010539169932599
O2_2.5000_sto_3g,raw_fermionic_su2,8,True,87,0.18125175000022864
O2_2.5000_sto_3g,raw_qubit,4,True,366,0.3706505410009413
O2_2.5000_sto_3g,seniority_Nover2,4,True,416,0.4571809169938206
O2_2.5000_sto_3g,HCT_Nover2_Comm,4,True,1001,0.6503515419972246
O2_2.5000_sto_3g,HCT_N_Comm,3,True,872,0.6150565830030246
O2_2.5000_sto_3g,Pauli_BLISS+HCT_N_Comm,4,True,804,2.02537024999765
O2_2.5000_sto_3g,BS_Nover2_Comm,5,True,588,0.5628879580035573
O2_2.5000_sto_3g,BS_N_Comm,4,True,1100,0.8059438750060508
O2_2.5000_sto_3g,HCT_N_Comm_Fiedler,2,True,1174,0.7141553749970626
O2_2.5000_sto_3g,BS_N_Comm_Fiedler,4,True,1157,0.8054499169957126
