frame,bond_dim,energy,abs_energy_error,within_dmrg_tolerance,dmrg_seconds,max_result_mps_bond,sweep_converged,reached_max_sweeps,sweep_limit_reached_without_convergence,sweeps_requested,sweeps_completed,sweep_energy_tolerance,last_sweep_energy_change,final_sweep_noise,sweep_energies,per_sweep_seconds,dataset_tag,fiedler,backend,system
raw_fermionic_su2,1,-107.17582171697968,0.279333880726071,False,0.09667429199907929,1,True,False,False,100,7,1e-06,0.0,0.0,"[-107.28567167139875, -107.17582171697968, -107.17582171697968, -107.17582171697968, -107.17582171697968, -107.17582171697968, -107.17582171697968]","[0.014815707996604033, 0.013877750003302936, 0.0093762920005247, 0.01662654199753888, 0.008627750001323875, 0.01542712499940535, 0.009296167001593858]",,False,block2_su2,N2_diss
raw_fermionic_su2,2,-107.17582841422737,0.2793271834783866,False,0.11609858400333906,2,True,False,False,100,8,1e-06,3.325340003357269e-12,0.0,"[-107.28567167139875, -107.19693015928844, -107.19693015927722, -107.19693015928756, -107.1969301592213, -107.196930159268, -107.17582841422404, -107.17582841422737]","[0.015069708999362774, 0.0121731249964796, 0.0175670419994276, 0.012125499997637235, 0.01195204199757427, 0.013479708002705593, 0.010965540997858625, 0.014663000001746695]",,False,block2_su2,N2_diss
raw_fermionic_su2,3,-107.29064034008324,0.1645152576225115,False,0.1262658339983318,3,True,False,False,100,8,1e-06,2.886224592657527e-11,0.0,"[-107.31023335294458, -107.27337306147145, -107.29109790986445, -107.29109888386873, -107.2906293814442, -107.29062938309208, -107.29064034005438, -107.29064034008324]","[0.025249916994653177, 0.011693459004163742, 0.01037595899833832, 0.015238874999340624, 0.014521541001158766, 0.0148469589985325, 0.010032583995780442, 0.015898915997240692]",,False,block2_su2,N2_diss
raw_fermionic_su2,4,-107.30857276012068,0.14658283758507196,False,0.23535816599905957,4,True,False,False,100,14,1e-06,1.1517811060457461e-07,0.0,"[-107.31828039007252, -107.3100276640525, -107.31892101033608, -107.31892242859462, -107.31719598255198, -107.31719600067413, -107.31468757210341, -107.31468157260443, -107.31189002862891, -107.31187112115313, -107.30975622694251, -107.30976112388193, -107.30857264494257, -107.30857276012068]","[0.02125812500162283, 0.011727083001460414, 0.015293915996153373, 0.015816709004866425, 0.011327541003993247, 0.02487704200029839, 0.014717917001689784, 0.012199999997392297, 0.0107895830005873, 0.01495666600385448, 0.010886459000175819, 0.015272083997842856, 0.022782833999372087, 0.019865959002345335]",,False,block2_su2,N2_diss
raw_fermionic_su2,5,-107.34308114065904,0.1120744570467167,False,0.13771874999656575,5,True,False,False,100,8,1e-06,6.181721801112872e-11,0.0,"[-107.343967437413, -107.31007610964679, -107.34430953131519, -107.34431568116437, -107.34389929772726, -107.34389930237796, -107.34308114059722, -107.34308114065904]","[0.017556834005517885, 0.01367745800234843, 0.015094624999619555, 0.01831166699412279, 0.016740708000725135, 0.018623291995027103, 0.016951249999692664, 0.012609167002665345]",,False,block2_su2,N2_diss
raw_fermionic_su2,6,-107.3822792458638,0.07287635184195551,False,0.1391260410018731,6,True,False,False,100,8,1e-06,3.0814874207862886e-08,0.0,"[-107.37082964453359, -107.36035923681438, -107.3633759506139, -107.36337594712246, -107.37890149743856, -107.37890148769023, -107.38227927667867, -107.3822792458638]","[0.021093458999530412, 0.02218916700076079, 0.013942625002528075, 0.017983541001740377, 0.017363667000608984, 0.013164999996661209, 0.011223624998820014, 0.011747417003789451]",,False,block2_su2,N2_diss
raw_fermionic_su2,7,-107.37512193049427,0.08003366721148097,False,0.12272583400044823,7,True,False,False,100,8,1e-06,1.7706724975141697e-11,0.0,"[-107.37747344154886, -107.3708557041493, -107.38397331396052, -107.38397331386949, -107.38514246456322, -107.38514246447194, -107.37512193047657, -107.37512193049427]","[0.017145290999906138, 0.01474216699716635, 0.013889583002310246, 0.01426641700527398, 0.01310475000354927, 0.014034083003934938, 0.012137874997279141, 0.015970874999766238]",,False,block2_su2,N2_diss
raw_fermionic_su2,8,-107.37873668120923,0.07641891649652166,False,0.1815987089939881,8,True,False,False,100,8,1e-06,2.8691715669992846e-11,0.0,"[-107.37806061711036, -107.37115836347293, -107.39487451830583, -107.39487451828884, -107.3965245940058, -107.39365115535033, -107.37873668123792, -107.37873668120923]","[0.04019433299981756, 0.027701250000973232, 0.03274033300112933, 0.019153667002683505, 0.013616208998428192, 0.013124167002388276, 0.013593667004897725, 0.013444791999063455]",,False,block2_su2,N2_diss
raw_fermionic_su2,9,-107.36530142800221,0.08985416970354265,False,0.12690374999510823,9,True,False,False,100,8,1e-06,7.841549631848466e-11,0.0,"[-107.3785222849712, -107.37854421639906, -107.37652312108659, -107.37652312110103, -107.37052880228629, -107.3705288022705, -107.3653014279238, -107.36530142800221]","[0.019841833993268665, 0.014300208000349812, 0.013903332997870166, 0.01711129099567188, 0.013567250003688969, 0.01474900000175694, 0.013201166002545506, 0.01257558399811387]",,False,block2_su2,N2_diss
raw_fermionic_su2,10,-107.40697756190022,0.04817803580553459,False,0.1299044999977923,10,True,False,False,100,8,1e-06,9.023892744153272e-12,0.0,"[-107.3785431869707, -107.37856500360684, -107.39548965520402, -107.39548965517537, -107.40435590073089, -107.40123589405859, -107.40697756190924, -107.40697756190022]","[0.017257584004255477, 0.015708958002505824, 0.01463629199861316, 0.015675917005864903, 0.015208291995804757, 0.014456625001912471, 0.012347541996859945, 0.016565334000915755]",,False,block2_su2,N2_diss
raw_fermionic_su2,12,-107.40702422416472,0.04813137354103958,False,0.1495464159961557,12,True,False,False,100,8,1e-06,6.45599129711627e-11,0.0,"[-107.37867486660407, -107.37869662800028, -107.41063792214065, -107.41063792217098, -107.41593052442357, -107.4159305244277, -107.40702422410016, -107.40702422416472]","[0.018754792006802745, 0.019501249997119885, 0.018422790999466088, 0.018066707998514175, 0.01586574999964796, 0.017391042005328927, 0.013337666001461912, 0.012688000002526678]",,False,block2_su2,N2_diss
raw_fermionic_su2,14,-107.41888286467413,0.03627273303162326,False,0.1340940000009141,14,True,False,False,100,7,1e-06,1.933666737841122e-08,0.0,"[-107.37950729842152, -107.37979421950678, -107.40989767694322, -107.41685081889473, -107.41888284533549, -107.41888284533746, -107.41888286467413]","[0.01772379199974239, 0.019590625001001172, 0.018431166994560044, 0.018722875000094064, 0.0181115419982234, 0.018170124996686354, 0.016025334000005387]",,False,block2_su2,N2_diss
raw_fermionic_su2,16,-107.41892523698705,0.036230360718704446,False,0.17118325000046752,16,True,False,False,100,7,1e-06,1.615781854980014e-07,0.0,"[-107.37952698793842, -107.38020126562103, -107.41196409368648, -107.41892402672606, -107.41892539855955, -107.41892539856524, -107.41892523698705]","[0.022254666000662837, 0.043191208998905495, 0.021435459006170277, 0.020724209003674332, 0.019235082996601705, 0.018836833005480003, 0.018056708002404775]",,False,block2_su2,N2_diss
raw_fermionic_su2,18,-107.4199957040621,0.035159893643651685,False,0.19552220799960196,18,True,False,False,100,8,1e-06,4.2021497392852325e-11,0.0,"[-107.37957632827623, -107.38031741537561, -107.41127690070441, -107.4196349936769, -107.41988635897088, -107.41988635896988, -107.41999570402008, -107.4199957040621]","[0.025883082998916507, 0.03076166699611349, 0.02554066699667601, 0.023614624995389022, 0.021502083996892907, 0.02167475000169361, 0.019843374997435603, 0.019257957996160258]",,False,block2_su2,N2_diss
raw_fermionic_su2,20,-107.42034297223361,0.034812625472142145,False,0.21946083399961935,20,True,False,False,100,8,1e-06,4.7620574150641914e-11,0.0,"[-107.37958623119663, -107.3803062741099, -107.41036840255995, -107.4199768561634, -107.42038087031099, -107.42038087030323, -107.42034297228123, -107.42034297223361]","[0.0201301670022076, 0.036897375000989996, 0.027207042003283277, 0.028533834003610536, 0.023798458998498973, 0.025888666001264937, 0.02627658299752511, 0.023465833997761365]",,False,block2_su2,N2_diss
raw_fermionic_su2,30,-107.45480566013443,0.000349937571328951,True,0.3000772910017986,30,True,False,False,100,8,1e-06,6.060638213511993e-08,0.0,"[-107.37993685447536, -107.41961102577135, -107.45470042231119, -107.45480193585774, -107.45480737237723, -107.45480927731623, -107.45480559952804, -107.45480566013443]","[0.02454412499355385, 0.040896749997045845, 0.04139004099852173, 0.041339124996738974, 0.03800245800084667, 0.03959579199727159, 0.034197417000541463, 0.032734209002228454]",,False,block2_su2,N2_diss
raw_qubit,1,-107.29940953283321,0.15574606487254528,False,0.492201583001588,1,True,False,False,100,7,1e-06,0.0,0.0,"[-107.29940953283321, -107.29940953283321, -107.29940953283321, -107.29940953283321, -107.29940953283321, -107.29940953283321, -107.29940953283321]","[0.0728217500000028, 0.06569266699807486, 0.07049470899801236, 0.059503500000573695, 0.05729616600001464, 0.05135841599985724, 0.07879550000507152]",,False,block2_pauli,N2_diss
raw_qubit,2,-107.2994095328321,0.15574606487365372,False,0.47254433300258825,2,True,False,False,100,7,1e-06,0.0,0.0,"[-107.29940953283204, -107.29940953283207, -107.29940953283207, -107.2994095328321, -107.2994095328321, -107.2994095328321, -107.2994095328321]","[0.07485445799829904, 0.07500862500455696, 0.06350216600549174, 0.04809795799519634, 0.05053504199895542, 0.047852083000179846, 0.06547070799570065]",,False,block2_pauli,N2_diss
raw_qubit,3,-107.29940953279726,0.15574606490849874,False,0.3804823749960633,3,True,False,False,100,7,1e-06,0.0,0.0,"[-107.29940953279734, -107.29940953279747, -107.2994095327973, -107.29940953279726, -107.29940953279723, -107.29940953279726, -107.29940953279726]","[0.07010199999785982, 0.05209770799410762, 0.04740250000031665, 0.04634116699890001, 0.04377483300049789, 0.05163991599692963, 0.041431833000387996]",,False,block2_pauli,N2_diss
raw_qubit,4,-107.29940953281694,0.1557460648888167,False,0.36727287500252714,4,True,False,False,100,7,1e-06,1.4210854715202004e-14,0.0,"[-107.29940953281684, -107.29940953281695, -107.29940953281692, -107.29940953281694, -107.29940953281694, -107.29940953281692, -107.29940953281694]","[0.0684097919947817, 0.05123379200085765, 0.04417924999870593, 0.044753041001968086, 0.044315708000794984, 0.044614499995077495, 0.041394666994165163]",,False,block2_pauli,N2_diss
raw_qubit,5,-107.30470350049163,0.1504520972141279,False,1.0472891249955865,5,True,False,False,100,18,1e-06,2.395406255573107e-07,0.0,"[-107.2998811480359, -107.30016072629648, -107.30021991826172, -107.30023322771618, -107.30023875071039, -107.30024695382102, -107.30028291197024, -107.30050120892224, -107.3013659610973, -107.30180148881473, -107.30183950686093, -107.30184248193139, -107.30194600046332, -107.30462954381917, -107.30469930987988, -107.3047017312501, -107.304703260951, -107.30470350049163]","[0.09607179199520033, 0.05824820899579208, 0.05127958299999591, 0.05312525000044843, 0.056082333001540974, 0.0570727079975768, 0.05092750000039814, 0.05122945800394518, 0.05108733299857704, 0.05379029100004118, 0.06853316699562129, 0.05457300000125542, 0.050411625001288485, 0.05165212500287453, 0.06446629199490417, 0.049806000002718065, 0.0485921670042444, 0.04736054199747741]",,False,block2_pauli,N2_diss
raw_qubit,6,-107.40988457850929,0.0452710191964627,False,0.6692932500009192,6,True,False,False,100,11,1e-06,3.7014541476310114e-07,0.0,"[-107.30184246136965, -107.30184274247654, -107.3018427451239, -107.30469209591595, -107.3047018204778, -107.40291901776433, -107.40960421918355, -107.40987502827889, -107.40988318078271, -107.40988420836388, -107.40988457850929]","[0.08205124999949476, 0.05351570800121408, 0.051884041997254826, 0.05678687500039814, 0.06511270799819613, 0.06618179200449958, 0.05722299999615643, 0.053260084001522046, 0.050576749999891035, 0.05111558400676586, 0.05197608400339959]",,False,block2_pauli,N2_diss
raw_qubit,7,-107.42574504396293,0.029410553742820866,False,0.6396679999961634,7,True,False,False,100,9,1e-06,1.3938958431936044e-08,0.0,"[-107.301841919466, -107.30200783585396, -107.30462926465543, -107.3132497371235, -107.39629201414914, -107.42552685813077, -107.42573825886167, -107.42574503002398, -107.42574504396293]","[0.0913665830012178, 0.05916520900063915, 0.07669924999936484, 0.06686258300032932, 0.061666333000175655, 0.07814820900239283, 0.058026250000693835, 0.056001124998147134, 0.06297608399472665]",,False,block2_pauli,N2_diss
raw_qubit,8,-107.3864392697094,0.06871632799635563,False,1.1297627500025555,8,True,False,False,100,18,1e-06,2.5718362905990944e-07,0.0,"[-107.30184228139146, -107.30184274353992, -107.30184274726702, -107.30184296843211, -107.30187460460513, -107.30452060508223, -107.30468489670342, -107.30469983998617, -107.30477392874101, -107.30478472477327, -107.30480102286148, -107.34956903724273, -107.38392105199603, -107.38425630031385, -107.38598379386826, -107.38643125583818, -107.38643901252577, -107.3864392697094]","[0.08320275000005495, 0.05667554200044833, 0.055231292004464194, 0.05439004200161435, 0.06000104100530734, 0.0639214999973774, 0.05944462500337977, 0.08027883299655514, 0.054662208996887784, 0.054452124997624196, 0.054506542001035996, 0.05620429100235924, 0.05917737499839859, 0.05777545799355721, 0.05939708300138591, 0.06727862500702031, 0.06037500000093132, 0.05946012499771314]",,False,block2_pauli,N2_diss
raw_qubit,9,-107.38643919990689,0.06871639779886607,False,0.6948402499983786,9,True,False,False,100,9,1e-06,2.2089032825078903e-07,0.0,"[-107.30434805126528, -107.30470181203944, -107.30572729047046, -107.30647538054134, -107.34857494092113, -107.38614916819719, -107.38643560023831, -107.38643897901656, -107.38643919990689]","[0.10419974999967963, 0.06378312499873573, 0.07045945799472975, 0.07284904200059827, 0.07229937500233063, 0.07633504100522259, 0.07373083299899008, 0.07110599999577971, 0.062095917004626244]",,False,block2_pauli,N2_diss
raw_qubit,10,-107.42573511530955,0.02942048239620476,False,0.9916537079989212,10,True,False,False,100,13,1e-06,9.564531069372606e-07,0.0,"[-107.30470137297345, -107.30470181687434, -107.30470181838203, -107.33451840015289, -107.33708706615926, -107.385177411114, -107.42455659595007, -107.42561839163544, -107.42569697299493, -107.42571623835937, -107.42572969956575, -107.42573415885644, -107.42573511530955]","[0.10623533400212182, 0.06578816699766321, 0.06057062499894528, 0.07620741699793143, 0.07910962499590823, 0.08262575000117067, 0.07523404100356856, 0.07650412499788217, 0.06997383300040383, 0.06719650000013644, 0.06784662500285776, 0.06663837499945657, 0.06873279199498938]",,False,block2_pauli,N2_diss
raw_qubit,12,-107.42880746446889,0.02634813323686558,False,1.1836955000035232,12,True,False,False,100,14,1e-06,6.558261134159693e-07,0.0,"[-107.30440512897573, -107.30469820601678, -107.30470178892233, -107.31480649551395, -107.34474919330127, -107.42167679905928, -107.42845733273732, -107.42872402265863, -107.42875886836798, -107.42879759902561, -107.4288025034189, -107.42880561323582, -107.42880680864278, -107.42880746446889]","[0.1280924579987186, 0.07481720900250366, 0.07420141600596253, 0.08006983299856074, 0.0897980000008829, 0.09178066700405907, 0.08255945800192421, 0.07839720800257055, 0.0759604160048184, 0.07666724999580765, 0.07681374999810942, 0.07415170800231863, 0.07693233399913879, 0.0733483339936356]",,False,block2_pauli,N2_diss
raw_qubit,14,-107.42957664661188,0.025578951093876867,False,2.1805270420009037,14,True,False,False,100,22,1e-06,9.90088437902159e-07,0.0,"[-107.30434726498643, -107.30470180093857, -107.30470181781033, -107.39108878699045, -107.39855835281753, -107.40978226291648, -107.42486769410341, -107.42873052411531, -107.42901866386707, -107.42928234469912, -107.42932386928814, -107.42933399492838, -107.42937459105781, -107.42938853972095, -107.42938174721962, -107.42939720849927, -107.42940102471064, -107.42944411647682, -107.42954946944474, -107.42956508280545, -107.42957565652344, -107.42957664661188]","[0.08846712500235299, 0.08153679200040642, 0.07965387500007637, 0.12654104200191796, 0.10581554199598031, 0.11975199999869801, 0.10402045900264056, 0.1086009999999078, 0.10183645899815019, 0.09749241700046696, 0.09880095800326671, 0.09204204200068489, 0.10094516699609812, 0.09268587499536807, 0.09561974999814993, 0.09224791599990567, 0.09473699999944074, 0.09322612499818206, 0.09997129200201016, 0.09143345900520217, 0.0919045839982573, 0.08956991699960781]",,False,block2_pauli,N2_diss
raw_qubit,16,-107.38643930858669,0.06871628911906669,False,0.6969265000006999,16,True,False,False,100,7,1e-06,1.1682459444273263e-09,0.0,"[-107.35777884625097, -107.38427737958563, -107.38617068754616, -107.38643886440063, -107.38643930098048, -107.38643930741844, -107.38643930858669]","[0.09411091700167162, 0.09274799999548122, 0.10034354100207565, 0.10389595899323467, 0.09520350000093458, 0.09316558399586938, 0.09010520899755647]",,False,block2_pauli,N2_diss
raw_qubit,18,-107.42969302665779,0.02546257104796723,False,1.235959167002875,18,True,False,False,100,9,1e-06,2.2608955418945698e-07,0.0,"[-107.35861526466113, -107.38426238879654, -107.40032744240634, -107.42901277593452, -107.4295505671769, -107.42968426010009, -107.42969178699806, -107.42969280056823, -107.42969302665779]","[0.10461495799972909, 0.12167016599414637, 0.13567699999839533, 0.17696224999963306, 0.1493605830037268, 0.1451202079988434, 0.1304542920042877, 0.12251525000465335, 0.12104970800282899]",,False,block2_pauli,N2_diss
raw_qubit,20,-107.42969075708896,0.025464840616791662,False,1.748195249994751,20,True,False,False,100,12,1e-06,5.440780626031483e-07,0.0,"[-107.35874018885708, -107.38425962292953, -107.38566179061246, -107.41924012627746, -107.428779385499, -107.42949837004014, -107.4296303095566, -107.42966330017927, -107.42967536023899, -107.42968546769089, -107.4296902130109, -107.42969075708896]","[0.11432187500031432, 0.12720508399797836, 0.14230954099912196, 0.17941070899541955, 0.1649360829978832, 0.159739916001854, 0.1457361669963575, 0.14354712500062305, 0.13924545900226803, 0.13237374999880558, 0.138248958006443, 0.13223962500342168]",,False,block2_pauli,N2_diss
raw_qubit,30,-107.42974766828874,0.025407929417013975,False,3.4738119169996935,30,True,False,False,100,10,1e-06,3.375915866854484e-07,0.0,"[-107.35928398486541, -107.38392671610413, -107.3862267245715, -107.42706066880764, -107.42951883577456, -107.42969520598446, -107.42972854902516, -107.42974548619239, -107.42974733069715, -107.42974766828874]","[0.1407749589998275, 0.29090583399374736, 0.6001945000025444, 0.4582438329962315, 0.37124179199599894, 0.3818414169945754, 0.3139001660019858, 0.3099966670051799, 0.29925550000189105, 0.2781147499990766]",,False,block2_pauli,N2_diss
raw_qubit,40,-107.44666149411245,0.008494103593307045,False,6.79567320800561,40,True,False,False,100,13,1e-06,2.7844093608564435e-07,0.0,"[-107.3592949609907, -107.38380944649055, -107.38632019788386, -107.42844754641978, -107.44273230255885, -107.44559050762822, -107.44638720935963, -107.4465527959085, -107.44667473938567, -107.44665913944146, -107.44666991935817, -107.44666177255338, -107.44666149411245]","[0.1619497079955181, 0.37170299999706913, 0.8513209160009865, 0.892011709001963, 0.77276908299973, 0.5901125829986995, 0.487092000003031, 0.4800065419985913, 0.45806933399580885, 0.44590366700140294, 0.4272379589965567, 0.4091732500019134, 0.41644525000447175]",,False,block2_pauli,N2_diss
raw_qubit,50,-107.44693165868424,0.0082239390215193,False,8.888304125001014,50,True,False,False,100,10,1e-06,2.5890554411489575e-07,0.0,"[-107.35929675366397, -107.39264566731833, -107.42970451186677, -107.44661872188715, -107.44675959721096, -107.44684716789011, -107.44689565542043, -107.44692722434542, -107.44693139977869, -107.44693165868424]","[0.16357245800463716, 0.5349427920009475, 1.5750882909997017, 1.3716402089994517, 0.9403931249980815, 1.0091634159980458, 0.7545946669997647, 0.920902040998044, 0.7172538329978124, 0.8714835420032614]",,False,block2_pauli,N2_diss
raw_qubit,60,-107.45500523339574,0.00015036431001647088,True,13.195024208995164,60,True,False,False,100,11,1e-06,7.107009025730804e-07,0.0,"[-107.35929675366397, -107.41983911826267, -107.44981173816615, -107.45457187695737, -107.45476557832174, -107.45498445270684, -107.45500917809412, -107.4549929397318, -107.45498912915917, -107.45500452269484, -107.45500523339574]","[0.1666703749942826, 0.6092487920031999, 2.1577822920007748, 2.1506555840023793, 1.2895763749984326, 1.4250532919977559, 1.045699041998887, 1.2230744590051472, 0.9845552909973776, 1.2046405420041992, 0.907594207994407]",,False,block2_pauli,N2_diss
seniority_Nover2,1,-107.07206668762069,0.38308891008506407,False,0.517138083007012,1,True,False,False,100,7,1e-06,0.0,0.0,"[-107.340316756859, -107.07206668762069, -107.07206668762069, -107.07206668762069, -107.07206668762069, -107.07206668762069, -107.07206668762069]","[0.09198608299629996, 0.06942454099771567, 0.06055695900431601, 0.06724949999625096, 0.056816457996319514, 0.06743216699396726, 0.058079250004084315]",Seniority N/2,False,block2_pauli,N2_diss
seniority_Nover2,2,-107.29940953490895,0.15574606279680836,False,0.6240921249991516,2,True,False,False,100,10,1e-06,3.738605869330058e-09,0.0,"[-107.36971406460839, -107.27212938638138, -107.26771294626066, -107.26797624757552, -107.28263920143765, -107.28263927101779, -107.27797247055582, -107.29871564078849, -107.29940953117034, -107.29940953490895]","[0.11148608299845364, 0.05395912500534905, 0.05176987499726238, 0.05311174999951618, 0.05376474999502534, 0.05559799999900861, 0.04878849999658996, 0.05075929199665552, 0.045313208996958565, 0.046307832999445964]",Seniority N/2,False,block2_pauli,N2_diss
seniority_Nover2,3,-107.2998796170508,0.15527598065494885,False,0.5061881250003353,3,True,False,False,100,7,1e-06,3.649432755992166e-07,0.0,"[-107.38295579667755, -107.30350032692769, -107.29394804433261, -107.299686160866, -107.29976181036554, -107.29987925210753, -107.2998796170508]","[0.13462345900188666, 0.05172008299996378, 0.050372958001389634, 0.07563366699469043, 0.051307415997143835, 0.05257083300239174, 0.04885245899640722]",Seniority N/2,False,block2_pauli,N2_diss
seniority_Nover2,4,-107.32453730000333,0.1306182977024264,False,0.6151337920018705,4,True,False,False,100,8,1e-06,7.87281351222191e-12,0.0,"[-107.39494813095112, -107.33527711323813, -107.32415929046077, -107.32415928919505, -107.32443522228512, -107.32443522229048, -107.32453729999546, -107.32453730000333]","[0.1342941670009168, 0.05812737499945797, 0.06278616700001294, 0.06145229100366123, 0.055429166997782886, 0.06575695799983805, 0.07415162499819417, 0.05671220800286392]",Seniority N/2,False,block2_pauli,N2_diss
seniority_Nover2,5,-107.36070863183556,0.09444696587019052,False,0.5860271670026123,5,True,False,False,100,8,1e-06,2.0619950191758107e-11,0.0,"[-107.39666872928903, -107.35382624210054, -107.3600488334898, -107.36004883351052, -107.36070005892698, -107.36070005890706, -107.36070863185618, -107.36070863183556]","[0.1361466250018566, 0.059268166005495004, 0.06025933299679309, 0.057707833002496045, 0.0609537909986102, 0.061070208001183346, 0.054358540997782256, 0.05421024999668589]",Seniority N/2,False,block2_pauli,N2_diss
seniority_Nover2,6,-107.3713590901081,0.08379650759765411,False,0.6636112500054878,6,True,False,False,100,9,1e-06,3.5025986733216996e-07,0.0,"[-107.39773728675563, -107.36925040152141, -107.37118439240939, -107.37128829888243, -107.37134357549411, -107.3713539605889, -107.37135728927916, -107.37135873984823, -107.3713590901081]","[0.14112679100071546, 0.06313162500009639, 0.06104279199644225, 0.059851500001968816, 0.06011749999743188, 0.05949670800328022, 0.057391624999581836, 0.059298583000781946, 0.0578237910012831]",Seniority N/2,False,block2_pauli,N2_diss
seniority_Nover2,7,-107.41686940407627,0.03828619362948871,False,0.6798044999959529,7,True,False,False,100,8,1e-06,1.9269918993813917e-11,0.0,"[-107.40655810781787, -107.40655810788081, -107.41498363276253, -107.41498363275893, -107.41689192438176, -107.41689192444483, -107.41686940409554, -107.41686940407627]","[0.16013741699862294, 0.07139491700218059, 0.06707833299878985, 0.07613025000318885, 0.07033691700053168, 0.06790620899846544, 0.06318462499621091, 0.06309579200024018]",Seniority N/2,False,block2_pauli,N2_diss
seniority_Nover2,8,-107.44640157095418,0.008754026751574884,False,0.6676565419984399,8,True,False,False,100,8,1e-06,1.3284306987770833e-10,0.0,"[-107.42494868160802, -107.44457049793834, -107.44631614605036, -107.44631614608554, -107.44639473169678, -107.44639473177926, -107.44640157082134, -107.44640157095418]","[0.15338995800266275, 0.07194429200171726, 0.06651733400212834, 0.0680619589984417, 0.06988750000164146, 0.06666808400041191, 0.062196042003051843, 0.06778374999703374]",Seniority N/2,False,block2_pauli,N2_diss
seniority_Nover2,9,-107.44830272065587,0.006852877049880135,False,0.7916312919987831,9,True,False,False,100,8,1e-06,7.368328169832239e-11,0.0,"[-107.43399780272642, -107.44630737083784, -107.4484604859386, -107.44846048594196, -107.44835001339125, -107.44835001344151, -107.44830272058219, -107.44830272065587]","[0.18615599999611732, 0.08800458299810998, 0.08422350000182632, 0.08158533299865667, 0.08220404199528275, 0.07880570900306338, 0.07380033300432842, 0.07533729200076777]",Seniority N/2,False,block2_pauli,N2_diss
seniority_Nover2,10,-107.45040700842782,0.004748589277937754,False,0.8404864999974961,10,True,False,False,100,8,1e-06,1.7905676941154525e-11,0.0,"[-107.44304362951364, -107.44782667915919, -107.45015783431069, -107.45015783421889, -107.45029243932906, -107.45029243930195, -107.45040700844572, -107.45040700842782]","[0.19253733300138265, 0.09164299999974901, 0.09065191599802347, 0.08701154200389283, 0.08139149999624351, 0.08805083400511649, 0.08579012499831151, 0.08218787499936298]",Seniority N/2,False,block2_pauli,N2_diss
seniority_Nover2,12,-107.45180047769193,0.0033551200138219883,False,0.7942567909994978,12,True,False,False,100,7,1e-06,3.703738116200839e-08,0.0,"[-107.44758089951843, -107.45171563344167, -107.45179994183664, -107.45179994187933, -107.45180051472585, -107.45180051472931, -107.45180047769193]","[0.20313279200490797, 0.09661854200385278, 0.0976404579996597, 0.08727579200058244, 0.09296325000468642, 0.08754537499771686, 0.08796499999880325]",Seniority N/2,False,block2_pauli,N2_diss
seniority_Nover2,14,-107.4523439365361,0.002811661169658919,False,1.1479976659975364,14,True,False,False,100,8,1e-06,1.2562395568238571e-11,0.0,"[-107.44770379206369, -107.45200097386059, -107.45214757745083, -107.45227229471635, -107.45233425743135, -107.45233747286713, -107.45234393652353, -107.4523439365361]","[0.24043795900070108, 0.13057141600438626, 0.13103658299951348, 0.1252471250045346, 0.12865195799531648, 0.11960279099730542, 0.11793074999877717, 0.11306941699876916]",Seniority N/2,False,block2_pauli,N2_diss
seniority_Nover2,16,-107.45299776125086,0.002157836454898643,False,1.6683280840006773,16,True,False,False,100,12,1e-06,9.915702037233132e-07,0.0,"[-107.44817687756084, -107.45237585384068, -107.45242196779708, -107.45244062249688, -107.4524532083417, -107.45257943422837, -107.45286113542178, -107.45290910350383, -107.4529288113581, -107.45293635897855, -107.45299676968065, -107.45299776125086]","[0.2649349169951165, 0.13246629200148163, 0.12807600000087405, 0.11668804099463159, 0.1266667499949108, 0.11779737500182819, 0.1350338330012164, 0.11595724999642698, 0.12463583299540915, 0.11628837500029476, 0.12955554200016195, 0.11702054100169335]",Seniority N/2,False,block2_pauli,N2_diss
seniority_Nover2,18,-107.45313523876837,0.0020203589373863906,False,1.514571084000636,18,True,False,False,100,7,1e-06,9.697774885353283e-07,0.0,"[-107.44825585702176, -107.4529043801921, -107.45304007889989, -107.45309965647496, -107.45313802320241, -107.45313620854586, -107.45313523876837]","[0.330950915995345, 0.20613979199697496, 0.2068990420011687, 0.17697491600119974, 0.2014012920044479, 0.17379670900118072, 0.17782616699696518]",Seniority N/2,False,block2_pauli,N2_diss
seniority_Nover2,20,-107.45406078942362,0.0010948082821329308,True,1.784770459002175,20,True,False,False,100,8,1e-06,2.611662353046995e-08,0.0,"[-107.44805039543837, -107.45295386607967, -107.45395523031868, -107.4540200054853, -107.45406207543962, -107.4540620032641, -107.45406081554025, -107.45406078942362]","[0.3581313329996192, 0.218302749999566, 0.22555512499820907, 0.19562600000062957, 0.19107345800148323, 0.18142841699591372, 0.20217579200107139, 0.17136770900106058]",Seniority N/2,False,block2_pauli,N2_diss
HCT_Nover2_Comm,1,-107.1579532014422,0.2972023962635575,False,0.6600952079970739,1,True,False,False,100,7,1e-06,1.2789769243681803e-13,0.0,"[-107.37231272590395, -107.15795321598897, -107.1579532014525, -107.15795320143839, -107.15795320144005, -107.15795320144207, -107.1579532014422]","[0.12137158299447037, 0.07717929199861828, 0.07632600000215461, 0.07313183299993398, 0.07632895799906692, 0.0814124169992283, 0.07262091699521989]",HCT N/2 Comm,False,block2_pauli,N2_diss
HCT_Nover2_Comm,2,-107.38637911168729,0.06877648601846431,False,0.6826536250009667,2,True,False,False,100,8,1e-06,5.542233338928781e-13,0.0,"[-107.38596693263361, -107.38597061583562, -107.38609471980209, -107.38630710007659, -107.38637702644854, -107.38637702645529, -107.38637911168784, -107.38637911168729]","[0.1424148329970194, 0.06588279199786484, 0.06288537500222446, 0.07463158300379291, 0.06753770799696213, 0.06347466700390214, 0.05809216700436082, 0.057549291996110696]",HCT N/2 Comm,False,block2_pauli,N2_diss
HCT_Nover2_Comm,3,-107.39945057593187,0.05570502177388903,False,0.638091707995045,3,True,False,False,100,7,1e-06,3.935554104828043e-10,0.0,"[-107.38596672712416, -107.38597342745226, -107.39544051483006, -107.39917668113003, -107.399448576074, -107.39945057553831, -107.39945057593187]","[0.16103820799617097, 0.0694366669995361, 0.0673014999993029, 0.07910579199960921, 0.068619249999756, 0.06509341699711513, 0.06039041600160999]",HCT N/2 Comm,False,block2_pauli,N2_diss
HCT_Nover2_Comm,4,-107.42959073429323,0.025564863412526506,False,0.7566634579998208,4,True,False,False,100,8,1e-06,1.1262123678079661e-07,0.0,"[-107.40484133428849, -107.41832929619873, -107.42731397616244, -107.42871025484975, -107.429609771651, -107.42961576993363, -107.42959062167199, -107.42959073429323]","[0.18895266600156901, 0.0727543750035693, 0.07002304199704668, 0.07504570799937937, 0.06990283400227781, 0.0710484999945038, 0.06531333299790276, 0.06506933299533557]",HCT N/2 Comm,False,block2_pauli,N2_diss
HCT_Nover2_Comm,5,-107.42174271608933,0.03341288161642808,False,1.1943857500009472,5,True,False,False,100,13,1e-06,4.715638652896814e-07,0.0,"[-107.41613235503334, -107.4161387315232, -107.41652306500372, -107.41955360451598, -107.4204306421246, -107.42095256282869, -107.42133568168865, -107.42163464289578, -107.42171855063742, -107.42173659223432, -107.42174110493215, -107.42174224452546, -107.42174271608933]","[0.18721100000402657, 0.08262795899645425, 0.08154904199909652, 0.08037166699796217, 0.08035670800018124, 0.07969879200391006, 0.07491441599995596, 0.07093949999398319, 0.07302287500351667, 0.09664408399839886, 0.07428462499956368, 0.07047983400116209, 0.07110070799535606]",HCT N/2 Comm,False,block2_pauli,N2_diss
HCT_Nover2_Comm,6,-107.42258131108613,0.03257428661962081,False,1.178335207994678,6,True,False,False,100,11,1e-06,1.950570549524855e-08,0.0,"[-107.41613235669234, -107.4161395119207, -107.41646685834769, -107.41754933081091, -107.42101714307367, -107.421942998675, -107.42249414340534, -107.42257499835904, -107.42257976452015, -107.42258129158043, -107.42258131108613]","[0.2224602499991306, 0.08363737499894341, 0.08694712500437163, 0.09705983300227672, 0.0981199999951059, 0.11659700000018347, 0.08436479200463509, 0.08008662499923958, 0.08221770900127012, 0.081085042002087, 0.07624612499785144]",HCT N/2 Comm,False,block2_pauli,N2_diss
HCT_Nover2_Comm,7,-107.4250960286039,0.03005956910185148,False,1.039007583000057,7,True,False,False,100,9,1e-06,2.5053736862901133e-11,0.0,"[-107.41613219594524, -107.41615572128359, -107.41791311776666, -107.42097402729564, -107.42481806037674, -107.42496935494876, -107.42503908467828, -107.42509602857885, -107.4250960286039]","[0.22931666699878406, 0.09002924999367679, 0.10379458299576072, 0.09942099999898346, 0.0938882080008625, 0.0884561670027324, 0.08694695800659247, 0.08191962499404326, 0.09643991600023583]",HCT N/2 Comm,False,block2_pauli,N2_diss
HCT_Nover2_Comm,8,-107.44237695581074,0.012778641895010878,False,0.9924330420035403,8,True,False,False,100,8,1e-06,7.65538743507932e-11,0.0,"[-107.41613195910446, -107.44189583474733, -107.44220202221823, -107.4422020221716, -107.44233338399624, -107.44233338391231, -107.4423769558873, -107.44237695581074]","[0.2656744170017191, 0.09796549999737181, 0.09545533399796113, 0.09202829200512497, 0.09151383300195448, 0.0945860840001842, 0.09161408300133189, 0.08446120900043752]",HCT N/2 Comm,False,block2_pauli,N2_diss
HCT_Nover2_Comm,9,-107.44319651476381,0.011959082941942256,False,1.2428149999977904,9,True,False,False,100,8,1e-06,8.024869657674571e-11,0.0,"[-107.41688797650417, -107.4424531574863, -107.44271895792181, -107.44271895782123, -107.44304878216732, -107.44304878205867, -107.44319651484406, -107.44319651476381]","[0.28900883399910526, 0.11809429099957924, 0.12257208300434286, 0.11636662499950035, 0.12229395900067175, 0.15246495800238336, 0.14036595799552742, 0.11525512499792967]",HCT N/2 Comm,False,block2_pauli,N2_diss
HCT_Nover2_Comm,10,-107.44409196643159,0.011063631274168984,False,1.2136715839951648,10,True,False,False,100,8,1e-06,2.7924329515371937e-11,0.0,"[-107.41824111688295, -107.44334802716921, -107.44387630292158, -107.44387630295661, -107.44400922148594, -107.44400922133875, -107.44409196645951, -107.44409196643159]","[0.29378904200711986, 0.1305495830019936, 0.12348850000125822, 0.12093720800476149, 0.12647458299761638, 0.12905699999828357, 0.11653900000237627, 0.10795304200291866]",HCT N/2 Comm,False,block2_pauli,N2_diss
HCT_Nover2_Comm,12,-107.44825340499432,0.006902192711436328,False,1.239582624999457,12,True,False,False,100,7,1e-06,1.034490537676902e-08,0.0,"[-107.41727203367518, -107.44735834871848, -107.4481615657329, -107.44824992456132, -107.44825237625491, -107.44825339464941, -107.44825340499432]","[0.3348437919994467, 0.1576623329965514, 0.15160137500060955, 0.13912345800054027, 0.13445558399689617, 0.13295391699648462, 0.12230362499394687]",HCT N/2 Comm,False,block2_pauli,N2_diss
HCT_Nover2_Comm,14,-107.4514819442315,0.003673653474251637,False,1.502221875001851,14,True,False,False,100,7,1e-06,7.58969065373094e-09,0.0,"[-107.41671456739968, -107.44882656663819, -107.45144077541602, -107.4514704314386, -107.45148104951934, -107.4514819518212, -107.4514819442315]","[0.31259249999857275, 0.2235515829961514, 0.19202716700237943, 0.18836399999418063, 0.18238500000006752, 0.1777836670007673, 0.15946054199594073]",HCT N/2 Comm,False,block2_pauli,N2_diss
HCT_Nover2_Comm,16,-107.45232312073406,0.002832476971690312,False,1.4985452909968444,16,True,False,False,100,7,1e-06,7.630175247186344e-07,0.0,"[-107.4167322010405, -107.45000013494897, -107.45206929081606, -107.45218106011104, -107.45227151531162, -107.45232388375159, -107.45232312073406]","[0.34945266699651256, 0.21875370899942936, 0.1857856249989709, 0.1674728750003851, 0.17865737499960233, 0.16760366600647103, 0.16579983400151832]",HCT N/2 Comm,False,block2_pauli,N2_diss
HCT_Nover2_Comm,18,-107.4525758385322,0.002579759173556795,False,3.039130999997724,18,True,False,False,100,10,1e-06,4.6137631670717383e-07,0.0,"[-107.4166446894956, -107.4516399320302, -107.45229095110292, -107.45243481603313, -107.4524527900439, -107.4524996818685, -107.45256428230417, -107.4525630473876, -107.45257629990851, -107.4525758385322]","[0.4062363339980948, 0.38046383400069317, 0.3242582079983549, 0.284751832994516, 0.27349245799996424, 0.25913849999778904, 0.2790613749966724, 0.2513447079982143, 0.26378283300437033, 0.24940579200483626]",HCT N/2 Comm,False,block2_pauli,N2_diss
HCT_Nover2_Comm,20,-107.45310753811631,0.002048059589441209,False,3.093583917005162,20,True,False,False,100,10,1e-06,8.307463872370136e-08,0.0,"[-107.41664686426371, -107.45193620224354, -107.45232922760427, -107.4527342295559, -107.45299847512663, -107.45309351246013, -107.45310223749344, -107.45310494234076, -107.45310762119095, -107.45310753811631]","[0.47345724999468075, 0.3740808750008, 0.31820270900061587, 0.29447795799933374, 0.3034551249947981, 0.27615004199469695, 0.26709370900061913, 0.24145062499883352, 0.2430732079956215, 0.2349811249951017]",HCT N/2 Comm,False,block2_pauli,N2_diss
HCT_Nover2_Comm,30,-107.45442713037943,0.0007284673263256991,True,5.111919791001128,30,True,False,False,100,7,1e-06,2.5956842364394106e-07,0.0,"[-107.41656359146276, -107.4533078319738, -107.4542631800853, -107.45438853830325, -107.45441881984165, -107.454426870811, -107.45442713037943]","[0.5514877079986036, 1.0612513750020298, 0.8269674160037539, 0.649013542002649, 0.7159067079992383, 0.6237634159988374, 0.6182786249992205]",HCT N/2 Comm,False,block2_pauli,N2_diss
HCT_N_Comm,1,-107.36408343366591,0.09107216403984353,False,0.5776455000013812,1,True,False,False,100,7,1e-06,3.0781706072957604e-09,0.0,"[-107.39256316515328, -107.36340223648594, -107.36398904669515, -107.36407814497551, -107.36407870117753, -107.36408343058774, -107.36408343366591]","[0.1046573339990573, 0.07355595800618175, 0.0714115419978043, 0.0660291669992148, 0.07574524999654386, 0.06829999999899883, 0.06987300000037067]",HCT N Comm,False,block2_pauli,N2_diss
HCT_N_Comm,2,-107.4002007537824,0.0549548439233547,False,0.6728345420051483,2,True,False,False,100,9,1e-06,1.3229308137852058e-07,0.0,"[-107.39819648186517, -107.39576222713562, -107.39925566866026, -107.39999643144478, -107.40016734471094, -107.40019422071984, -107.40019644330607, -107.40020088607548, -107.4002007537824]","[0.14176887500070734, 0.06596941699535819, 0.06330958399485098, 0.061315834005654324, 0.062217999999120366, 0.0608471660016221, 0.059421332996862475, 0.055779333000828046, 0.054918374997214414]",HCT N Comm,False,block2_pauli,N2_diss
HCT_N_Comm,3,-107.42039785376596,0.03475774393979236,False,0.6755214580043685,3,True,False,False,100,8,1e-06,1.6949798009591177e-07,0.0,"[-107.428650701192, -107.42767026928695, -107.41930537428217, -107.41930854008993, -107.42068421248167, -107.42068337868051, -107.42039768426798, -107.42039785376596]","[0.14321258300333284, 0.0741187079984229, 0.07095291699806694, 0.06526208299328573, 0.07753941700502764, 0.06798804199934239, 0.060664208001981024, 0.07229354100127239]",HCT N Comm,False,block2_pauli,N2_diss
HCT_N_Comm,4,-107.44071632680249,0.014439270903267243,False,0.7672966670070309,4,True,False,False,100,8,1e-06,4.350550000253861e-07,0.0,"[-107.4234926886655, -107.43421231695675, -107.44068859913466, -107.44113543367925, -107.4409961298791, -107.44100703053063, -107.44071589174749, -107.44071632680249]","[0.16963379200024065, 0.07759424999676412, 0.07479350000357954, 0.08257004199549556, 0.08071395799925085, 0.09072304100118345, 0.07387883299816167, 0.07327520800026832]",HCT N Comm,False,block2_pauli,N2_diss
HCT_N_Comm,5,-107.42663365849597,0.02852193920978152,False,1.7164629580001929,5,True,False,False,100,21,1e-06,9.89002558071661e-07,0.0,"[-107.42166894781246, -107.42599538823283, -107.42635423526428, -107.42643392861882, -107.42644498577786, -107.42648120410493, -107.42648543692701, -107.42652930881685, -107.42653460290711, -107.42656215584392, -107.42656664993328, -107.42658569136837, -107.42658913006508, -107.42660297100176, -107.42660552034963, -107.42661582630899, -107.42661768819016, -107.42662544784355, -107.42662680398686, -107.42663266949342, -107.42663365849597]","[0.15358704199752538, 0.07769333299802383, 0.0766180840000743, 0.07509754199418239, 0.07615999999688938, 0.07559187500010012, 0.07670187499752501, 0.07250724999903468, 0.08022633300424786, 0.07511462500406196, 0.07528679200186161, 0.08742583300045226, 0.07569983400026103, 0.0711819589996594, 0.07285950000368757, 0.071691874996759, 0.07359200000064448, 0.07494679099909263, 0.07471862500096904, 0.07364637499995297, 0.07333416600158671]",HCT N Comm,False,block2_pauli,N2_diss
HCT_N_Comm,6,-107.42781746318498,0.02733813452077527,False,1.0067950000011479,6,True,False,False,100,11,1e-06,8.673647755585989e-08,0.0,"[-107.42240246687386, -107.42664140075775, -107.42688347082397, -107.42730004571061, -107.42756109456704, -107.42771541894504, -107.42775653154186, -107.42780184860032, -107.42780450422576, -107.42781754992146, -107.42781746318498]","[0.16107991700118873, 0.08225687499361811, 0.08597779199772049, 0.08138445800432237, 0.08122766599990427, 0.08004312500270316, 0.07572091600013664, 0.07626854100089986, 0.075837042000785, 0.07552620800561272, 0.08095191699976567]",HCT N Comm,False,block2_pauli,N2_diss
HCT_N_Comm,7,-107.42839902598489,0.026756571720866873,False,0.7411372079950524,7,True,False,False,100,7,1e-06,1.147823951441751e-07,0.0,"[-107.42297366672231, -107.4277762172471, -107.42826409758673, -107.42839287600131, -107.42839522070305, -107.42839914076728, -107.42839902598489]","[0.16351066700008232, 0.09617179199995007, 0.09321237500262214, 0.08606979199976195, 0.08867041699704714, 0.08556674999999814, 0.08474625000235392]",HCT N Comm,False,block2_pauli,N2_diss
HCT_N_Comm,8,-107.42967977471959,0.025475822986166463,False,0.7010904579947237,8,True,False,False,100,7,1e-06,1.5935441410874773e-08,0.0,"[-107.42724018617429, -107.42826969024568, -107.42933114720358, -107.42965893095072, -107.42966184619385, -107.42967979065503, -107.42967977471959]","[0.17221304200211307, 0.08572758400259772, 0.08471120800095377, 0.07943083300051512, 0.08145258299919078, 0.07975683399854461, 0.07646120800200151]",HCT N Comm,False,block2_pauli,N2_diss
HCT_N_Comm,9,-107.42972230061551,0.025433297090245333,False,0.8837872910007718,9,True,False,False,100,7,1e-06,9.549751212034607e-09,0.0,"[-107.42801027514906, -107.42922140923719, -107.42944316283243, -107.42971958309235, -107.42971970035033, -107.42972229106576, -107.42972230061551]","[0.1981889169983333, 0.1117449579978711, 0.1112022919987794, 0.13505620800424367, 0.09830187499755993, 0.09632279200013727, 0.09147062500414904]",HCT N Comm,False,block2_pauli,N2_diss
HCT_N_Comm,10,-107.42972592496268,0.02542967274307273,False,0.8816182090013172,10,True,False,False,100,7,1e-06,9.752909591043135e-11,0.0,"[-107.42838763925945, -107.42962648790618, -107.42972490202717, -107.42972622972474, -107.42972625092683, -107.42972592506021, -107.42972592496268]","[0.20319941700290656, 0.11054054099804489, 0.10966175000066869, 0.09939545800443739, 0.12079329100379255, 0.10055591700074729, 0.09526558299694443]",HCT N Comm,False,block2_pauli,N2_diss
HCT_N_Comm,12,-107.45327874685029,0.0018768508554671826,False,2.8776143340001,12,True,False,False,100,21,1e-06,7.259063750097994e-08,0.0,"[-107.4363152603718, -107.44952635498863, -107.45079974009523, -107.4522688256573, -107.45262494442969, -107.45309084840454, -107.45311841569504, -107.45316710237847, -107.45317238403582, -107.45319007159257, -107.45319830853296, -107.453214488219, -107.45322674785862, -107.45324066707335, -107.45325354602343, -107.45326274550173, -107.45327054883757, -107.45327484659433, -107.45327726243116, -107.45327881944092, -107.45327874685029]","[0.24658300000010058, 0.13254804200551007, 0.1344144579998101, 0.13014062499860302, 0.13237729200045578, 0.1305383750004694, 0.12061454200011212, 0.12806362500123214, 0.1260270839993609, 0.12486599999829195, 0.12922229199466528, 0.12794570899859536, 0.12829229199996917, 0.1263390829990385, 0.12998620899452362, 0.1236324169949512, 0.1535674589977134, 0.12552724999841303, 0.1281854589979048, 0.12774150000041118, 0.12132937499700347]",HCT N Comm,False,block2_pauli,N2_diss
HCT_N_Comm,14,-107.45396808833061,0.0011875093751427812,True,3.27461041600327,14,True,False,False,100,18,1e-06,8.977306151791709e-07,0.0,"[-107.4356953446623, -107.45109645353104, -107.45254771958903, -107.45373294508119, -107.45375985142093, -107.45390307688342, -107.45391196311047, -107.45392966797804, -107.45393545114678, -107.4539443416075, -107.4539489180444, -107.45395448977186, -107.45395780627382, -107.45396116944906, -107.45396357193971, -107.45396542792817, -107.4539671906, -107.45396808833061]","[0.28272962500341237, 0.187351332999242, 0.18724199999996927, 0.17171374999452382, 0.17925270800333237, 0.17551279199687997, 0.17332045800139895, 0.16590158300095936, 0.1767594159973669, 0.16591662500286475, 0.1730816249983036, 0.16320745799748693, 0.1770237500022631, 0.16683650000049965, 0.17396358300175052, 0.16560654200293357, 0.17575262500031386, 0.16395612499763956]",HCT N Comm,False,block2_pauli,N2_diss
Pauli_BLISS+HCT_N_Comm,1,-107.42138165392544,0.03377394378031795,False,0.9188434169991524,1,True,False,False,100,7,1e-06,7.615028607688146e-10,0.0,"[-107.43358964511457, -107.41911581777771, -107.42138248687019, -107.42138248687158, -107.42138165468691, -107.42138165468694, -107.42138165392544]","[0.2368537500005914, 0.08721533299831208, 0.09778508299496025, 0.09697529099503299, 0.08742270900256699, 0.08153504100482678, 0.07491329099866562]",Pauli BLISS+HCT N Comm,False,block2_pauli,N2_diss
Pauli_BLISS+HCT_N_Comm,2,-107.43072321163075,0.024432386075005752,False,1.0588921250018757,2,True,False,False,100,8,1e-06,7.142659796954831e-10,0.0,"[-107.4360070722417, -107.42897368730891, -107.43043253654619, -107.43066801489684, -107.43069935083237, -107.43069934430065, -107.43072321091648, -107.43072321163075]","[0.3131114999996498, 0.09032529200339923, 0.08573637500376208, 0.08719225000095321, 0.08930720899661537, 0.08788983400154393, 0.08119016700220527, 0.0831782090026536]",Pauli BLISS+HCT N Comm,False,block2_pauli,N2_diss
Pauli_BLISS+HCT_N_Comm,3,-107.4380667066275,0.017088891078259394,False,1.3112239159963792,3,True,False,False,100,8,1e-06,6.122162687915988e-07,0.0,"[-107.43646819561796, -107.43466623009178, -107.43814442399999, -107.43816902396745, -107.43812115425737, -107.43812237806347, -107.43806609441123, -107.4380667066275]","[0.3975607079992187, 0.11098316699644784, 0.10874858400347875, 0.10909974999958649, 0.11012216699600685, 0.124159792001592, 0.10337016600533389, 0.11377412499859929]",Pauli BLISS+HCT N Comm,False,block2_pauli,N2_diss
Pauli_BLISS+HCT_N_Comm,4,-107.44038909671737,0.01476650098838661,False,1.7686129590001656,4,True,False,False,100,8,1e-06,2.005393184845161e-09,0.0,"[-107.43571132707811, -107.43702643482627, -107.44045907605283, -107.44045902918111, -107.44039111329585, -107.44039109325888, -107.44038909471197, -107.44038909671737]","[0.5436012919963105, 0.1833513329984271, 0.15522291699744528, 0.15849375000107102, 0.1414259579978534, 0.1597928339979262, 0.1374728330047219, 0.15529283299838426]",Pauli BLISS+HCT N Comm,False,block2_pauli,N2_diss
Pauli_BLISS+HCT_N_Comm,5,-107.44161256805921,0.013543029646541527,False,2.39251420799701,5,True,False,False,100,8,1e-06,8.916740625863895e-07,0.0,"[-107.44033389309814, -107.43957803164463, -107.44116750183355, -107.44147528633115, -107.44157736481824, -107.4415826982504, -107.44161167638515, -107.44161256805921]","[0.6029860000053304, 0.2467144590045791, 0.2288160840034834, 0.24269099999946775, 0.24618212500354275, 0.24124704099813243, 0.23318337499949848, 0.23233116699702805]",Pauli BLISS+HCT N Comm,False,block2_pauli,N2_diss
Pauli_BLISS+HCT_N_Comm,6,-107.44356797378298,0.01158762392277879,False,2.6869680829986464,6,True,False,False,100,7,1e-06,5.7072341519415204e-08,0.0,"[-107.44888254702445, -107.44241715955695, -107.44356831774041, -107.44356702196606, -107.44356803902247, -107.44356803085532, -107.44356797378298]","[0.7608298749983078, 0.30258566600241465, 0.29975904199818615, 0.29503133300022455, 0.30843904199718963, 0.29811324999900535, 0.29607629100064514]",Pauli BLISS+HCT N Comm,False,block2_pauli,N2_diss
Pauli_BLISS+HCT_N_Comm,7,-107.4486769123541,0.006478685351652302,False,6.157402457996795,7,True,False,False,100,16,1e-06,3.062777693685348e-07,0.0,"[-107.45236599860311, -107.44798186221485, -107.4478700536867, -107.44785817379011, -107.44780893677233, -107.44783208538774, -107.44849192924033, -107.44855934630743, -107.44874122844274, -107.44875999192196, -107.44870276873573, -107.44869735244546, -107.44868152247498, -107.44868033521084, -107.44867721863187, -107.4486769123541]","[0.8141902909992496, 0.36253074999694945, 0.346156792002148, 0.34874520800076425, 0.3519208330035326, 0.3558706670009997, 0.33789704099763185, 0.3445975830036332, 0.3432667910019518, 0.34326166700338945, 0.34428816600120626, 0.3561353330005659, 0.3382302499958314, 0.3511236669946811, 0.3378006249986356, 0.34712308299640426]",Pauli BLISS+HCT N Comm,False,block2_pauli,N2_diss
Pauli_BLISS+HCT_N_Comm,8,-107.45158221505147,0.0035733826542809766,False,2.987177333001455,8,True,False,False,100,7,1e-06,1.5431167810220359e-07,0.0,"[-107.45389955309437, -107.45171366952916, -107.4515853689689, -107.4515865673628, -107.45158245162355, -107.45158236936315, -107.45158221505147]","[0.7608029159964644, 0.33983833299862454, 0.35076049999770476, 0.3401818749989616, 0.37420900000142865, 0.36464074999821605, 0.33900983299827203]",Pauli BLISS+HCT N Comm,False,block2_pauli,N2_diss
Pauli_BLISS+HCT_N_Comm,9,-107.45304337476205,0.002112222943708275,False,4.318885874999978,9,True,False,False,100,7,1e-06,3.683087612671443e-07,0.0,"[-107.45448882990092, -107.45289913481861, -107.45302187073814, -107.45304485718296, -107.45303641059007, -107.45304374307081, -107.45304337476205]","[1.0106860000014422, 0.5532491249978193, 0.5394944170038798, 0.5083865409978898, 0.5436422500060871, 0.5080420419981238, 0.5294808750040829]",Pauli BLISS+HCT N Comm,False,block2_pauli,N2_diss
Pauli_BLISS+HCT_N_Comm,10,-107.45373824073772,0.0014173569680338005,True,5.119830957999511,10,True,False,False,100,8,1e-06,1.2172449714853428e-08,0.0,"[-107.45478056900517, -107.45382247299344, -107.45376454831211, -107.45376252175257, -107.45374120208584, -107.45374099336581, -107.45373825291017, -107.45373824073772]","[1.1108384170001955, 0.560171541001182, 0.5714831250006682, 0.5485705830069492, 0.5744452920043841, 0.56155900000158, 0.5515024169944809, 0.5188538340007653]",Pauli BLISS+HCT N Comm,False,block2_pauli,N2_diss
BS_Nover2_Comm,1,-107.30314282003103,0.15201277767472732,False,0.5338056670007063,1,True,False,False,100,7,1e-06,1.4210854715202004e-14,0.0,"[-107.3032149640253, -107.30274283006463, -107.30314282003104, -107.30314282003103, -107.30314282003103, -107.30314282003104, -107.30314282003103]","[0.0806109999975888, 0.07269291699776659, 0.0723447499985923, 0.06570437500340631, 0.0713416660000803, 0.07837137499882374, 0.061324082998908125]",BS N/2 Comm,False,block2_pauli,N2_diss
BS_Nover2_Comm,2,-107.32414207432373,0.13101352338202332,False,1.2968443749996368,2,True,False,False,100,21,1e-06,4.638119008859576e-07,0.0,"[-107.31507821394763, -107.19260451656793, -107.19383989970554, -107.2249336910044, -107.25357975134085, -107.3030011341796, -107.30377855599679, -107.3041112271867, -107.3046761945632, -107.30568973100954, -107.32710276767689, -107.32758909215713, -107.32371895354638, -107.32426157892274, -107.32409031200436, -107.32415427300313, -107.32413241856456, -107.32414187231262, -107.3241400378118, -107.32414161051183, -107.32414207432373]","[0.09723395799665013, 0.077707582997391, 0.06314612500136718, 0.060982958995737135, 0.059917792001215275, 0.059900625004956964, 0.05195708300016122, 0.05308320799667854, 0.05190854200191097, 0.05369204100134084, 0.0535435419951682, 0.053783832998306025, 0.05164370899728965, 0.06272399999579648, 0.05772987499949522, 0.055138207993877586, 0.05239383300067857, 0.06530279199796496, 0.05914704199676635, 0.058056791000126395, 0.0538930420007091]",BS N/2 Comm,False,block2_pauli,N2_diss
BS_Nover2_Comm,3,-107.33952443483682,0.1156311628689366,False,0.5178065830041305,3,True,False,False,100,7,1e-06,9.987458327032073e-08,0.0,"[-107.3206502451802, -107.32736873397312, -107.33262290799527, -107.3357340654466, -107.3390843198246, -107.3395245347114, -107.33952443483682]","[0.10538599999563303, 0.06265770800382597, 0.05923133399483049, 0.06023066699708579, 0.07589966600062326, 0.0601885409996612, 0.05509179199725622]",BS N/2 Comm,False,block2_pauli,N2_diss
BS_Nover2_Comm,4,-107.37164098794429,0.08351460976146541,False,1.1026582080012304,4,True,False,False,100,16,1e-06,9.487147991649181e-07,0.0,"[-107.33318326747673, -107.33890092900943, -107.33973675880415, -107.35523196593954, -107.37050762405582, -107.37101964164768, -107.3712131332982, -107.37123726677672, -107.3710691457273, -107.37107181352172, -107.3712168954824, -107.37121855585458, -107.3715694041457, -107.37157149742663, -107.37164193665909, -107.37164098794429]","[0.10435899999720277, 0.06783954200363951, 0.06603204199927859, 0.0741111249953974, 0.06659599999693455, 0.06558004199905554, 0.06042841699672863, 0.06177999999636086, 0.06080379200284369, 0.06134362499869894, 0.060912250002729706, 0.06165645799774211, 0.06059179200383369, 0.06110179200186394, 0.06624166699475609, 0.061688999994657934]",BS N/2 Comm,False,block2_pauli,N2_diss
BS_Nover2_Comm,5,-107.42879401742243,0.026361580283321473,False,0.6748243749971152,5,True,False,False,100,8,1e-06,3.884942998411134e-07,0.0,"[-107.34013152823826, -107.41843867438254, -107.4284081403889, -107.42863492351474, -107.42878398174182, -107.4287903769818, -107.42879440591673, -107.42879401742243]","[0.12752320799336303, 0.0816190000041388, 0.07285008300095797, 0.06967520799662452, 0.07065829200291773, 0.0701282089939923, 0.06577549999929033, 0.06447991599998204]",BS N/2 Comm,False,block2_pauli,N2_diss
BS_Nover2_Comm,6,-107.4290868559255,0.026068741780250093,False,0.6018055840031593,6,True,False,False,100,7,1e-06,2.513282879590406e-07,0.0,"[-107.36859720840145, -107.40657679960566, -107.42870377375755, -107.42897024251715, -107.42905637072985, -107.42908660459722, -107.4290868559255]","[0.11957991699455306, 0.07796670799871208, 0.07599362499604467, 0.07450212499679765, 0.07354833299905295, 0.0739107499975944, 0.07305374999850756]",BS N/2 Comm,False,block2_pauli,N2_diss
BS_Nover2_Comm,7,-107.42938268970286,0.025772908002892336,False,0.6346084159958991,7,True,False,False,100,7,1e-06,4.3101437086079386e-07,0.0,"[-107.36817929548428, -107.39881086530781, -107.42909492734694, -107.42923643034499, -107.42934198844056, -107.42938225868849, -107.42938268970286]","[0.11907754199637566, 0.0849625830014702, 0.08307662500010338, 0.08173837499634828, 0.07746266599860974, 0.07855750000453554, 0.07600441700196825]",BS N/2 Comm,False,block2_pauli,N2_diss
BS_Nover2_Comm,8,-107.42959749954653,0.025558098159223164,False,0.6063416250035516,8,True,False,False,100,7,1e-06,2.125876790159964e-07,0.0,"[-107.37158955238078, -107.42890922254958, -107.42949519284541, -107.42955345561464, -107.42959684586843, -107.42959728695885, -107.42959749954653]","[0.11833395800204016, 0.07982362499751616, 0.07470337499398738, 0.07634975000109989, 0.07627525000134483, 0.07498491699516308, 0.07332045800285414]",BS N/2 Comm,False,block2_pauli,N2_diss
BS_Nover2_Comm,9,-107.42974734447697,0.02540825322878959,False,0.7365653329979978,9,True,False,False,100,7,1e-06,1.5534598674094013e-07,0.0,"[-107.36291064837734, -107.41454924090354, -107.42871084066603, -107.42970252824237, -107.42974439136947, -107.42974718913098, -107.42974734447697]","[0.15288333300122758, 0.10842883300210815, 0.08992475000559352, 0.09645766700123204, 0.09075445799680892, 0.08754941599909216, 0.07732658300665207]",BS N/2 Comm,False,block2_pauli,N2_diss
BS_Nover2_Comm,10,-107.42974772533013,0.025407872375623697,False,1.178460333001567,10,True,False,False,100,11,1e-06,3.4268823867478204e-07,0.0,"[-107.37119450842228, -107.39856452162564, -107.40978843630938, -107.42501639553068, -107.42916120231544, -107.42939201790139, -107.42950488047802, -107.42966207243406, -107.42974569876155, -107.42974738264189, -107.42974772533013]","[0.16831775000173366, 0.10769616600009613, 0.10478487499494804, 0.10442716700345045, 0.10430116600036854, 0.09817883300274843, 0.09545679100119742, 0.09307412500493228, 0.09041362500283867, 0.08788320799794747, 0.08740195800055517]",BS N/2 Comm,False,block2_pauli,N2_diss
BS_Nover2_Comm,12,-107.42973232178053,0.025423275925220423,False,0.8099469169974327,12,True,False,False,100,7,1e-06,5.471011377267132e-08,0.0,"[-107.37220769830853, -107.42903787644403, -107.42969108166574, -107.42971235617522, -107.42973210544143, -107.42973226707042, -107.42973232178053]","[0.17270979099703254, 0.10997179200057872, 0.10476004099473357, 0.09982937499444233, 0.09961137500067707, 0.09607066599710379, 0.09431112499441952]",BS N/2 Comm,False,block2_pauli,N2_diss
BS_Nover2_Comm,14,-107.4297478262421,0.025407771463648032,False,0.9839511669997592,14,True,False,False,100,7,1e-06,4.916955731459893e-12,0.0,"[-107.39139534857186, -107.4291232846666, -107.42974314591333, -107.42974757153698, -107.42974780851142, -107.42974782623719, -107.4297478262421]","[0.19721804199798498, 0.16205504199751886, 0.13412041700212285, 0.12502374999894528, 0.11278462500195019, 0.11627633299940499, 0.1029189580003731]",BS N/2 Comm,False,block2_pauli,N2_diss
BS_Nover2_Comm,16,-107.45429900921442,0.0008565884913309674,True,1.245932666999579,16,True,False,False,100,8,1e-06,1.0020073659688933e-10,0.0,"[-107.38303529071884, -107.42922429339497, -107.43438880619686, -107.45127246325706, -107.45435266148971, -107.45435266146558, -107.45429900911422, -107.45429900921442]","[0.21119241599808447, 0.15426733300409978, 0.16321029200480552, 0.13771354100026656, 0.1401389590027975, 0.13767775000451365, 0.13539795800170396, 0.13144112499867333]",BS N/2 Comm,False,block2_pauli,N2_diss
BS_N_Comm,1,-107.42911150188422,0.026044095821532665,False,0.8113269999957993,1,True,False,False,100,9,1e-06,3.3861510928545613e-07,0.0,"[-107.40957481788632, -107.40503650318097, -107.40716238694597, -107.42765329091925, -107.42765456802897, -107.42908639914103, -107.42908372259983, -107.42911184049933, -107.42911150188422]","[0.12432295799953863, 0.08003962499788031, 0.07977637499425327, 0.0787099160006619, 0.08500154200010002, 0.0831981250012177, 0.08202441599860322, 0.07387429200025508, 0.06606387499778066]",BS N Comm,False,block2_pauli,N2_diss
BS_N_Comm,2,-107.43866854903396,0.016487048671791626,False,1.3017139169969596,2,True,False,False,100,17,1e-06,1.660302615391629e-07,0.0,"[-107.41262077885713, -107.41086926449401, -107.4116373433496, -107.41286595683545, -107.41531784851767, -107.42191423244068, -107.42800973457409, -107.43003403723249, -107.43055658216755, -107.43106634336407, -107.43253840729159, -107.43713892129878, -107.43802241522732, -107.43874949358872, -107.43866322505625, -107.43866871506422, -107.43866854903396]","[0.13721912499750033, 0.0694846249971306, 0.07600520800042432, 0.07065624999813735, 0.06860800000140443, 0.07631924999441253, 0.06526095799927134, 0.0641147079950315, 0.06947316600417253, 0.07418608300213236, 0.06545683400327107, 0.07104545799666084, 0.06791949999751523, 0.06603933400037931, 0.06538291600008961, 0.06420791699929396, 0.06367804099863861]",BS N Comm,False,block2_pauli,N2_diss
BS_N_Comm,3,-107.4243036193484,0.03085197835736153,False,0.6394937079967349,3,True,False,False,100,7,1e-06,4.861107072429149e-09,0.0,"[-107.42502550109126, -107.42428086442226, -107.42430194163293, -107.4243034662077, -107.4243035914296, -107.42430361448729, -107.4243036193484]","[0.1437679590017069, 0.07262870900012786, 0.07513362499594223, 0.07338133300072514, 0.07683154199912678, 0.0732802919956157, 0.06938191600056598]",BS N Comm,False,block2_pauli,N2_diss
BS_N_Comm,4,-107.42848359716976,0.02667200053599572,False,0.7230554999987362,4,True,False,False,100,7,1e-06,5.7150941756844986e-08,0.0,"[-107.42813335029619, -107.42835262198368, -107.42847851654885, -107.42848413272021, -107.42848352131226, -107.4284836543207, -107.42848359716976]","[0.17473387499921955, 0.08603554200090002, 0.08305308299895842, 0.08263116700254614, 0.07968237500608666, 0.08298591699713143, 0.0773181670010672]",BS N Comm,False,block2_pauli,N2_diss
BS_N_Comm,5,-107.42908165090412,0.02607394680163111,False,0.7649235419958131,5,True,False,False,100,7,1e-06,1.0065207334264414e-08,0.0,"[-107.42888359313099, -107.42899353584642, -107.42907444450856, -107.42908122209816, -107.42908156806982, -107.42908164083892, -107.42908165090412]","[0.17253212499781512, 0.09476174999872455, 0.09344687499833526, 0.08818433400301728, 0.08893704199726926, 0.08810079200338805, 0.0841160830023]",BS N Comm,False,block2_pauli,N2_diss
BS_N_Comm,6,-107.4292646831918,0.025890914513951202,False,0.7952776250021998,6,True,False,False,100,7,1e-06,9.679541506102396e-07,0.0,"[-107.42916180260154, -107.42917962820314, -107.42925765387577, -107.42926109971961, -107.42926349436124, -107.42926371523765, -107.4292646831918]","[0.15992562499741325, 0.10116874999948777, 0.10292395899887197, 0.0977282079984434, 0.0967669589954312, 0.09485549999953946, 0.08607312499952968]",BS N Comm,False,block2_pauli,N2_diss
BS_N_Comm,7,-107.42958020608141,0.025575391624343524,False,0.8549670409993269,7,True,False,False,100,7,1e-06,6.054715129266697e-08,0.0,"[-107.42946128676056, -107.4294819390621, -107.42951535539244, -107.429551676328, -107.4295517858127, -107.42958014553426, -107.42958020608141]","[0.17500537500018254, 0.106931792004616, 0.10851516700495267, 0.10373591599636711, 0.10487499999726424, 0.10302483400300844, 0.0980595410001115]",BS N Comm,False,block2_pauli,N2_diss
BS_N_Comm,8,-107.42967513622874,0.025480461477016547,False,0.8226769589964533,8,True,False,False,100,7,1e-06,1.7394086171407253e-10,0.0,"[-107.42962183900059, -107.42965597517984, -107.42967307378501, -107.42967502521938, -107.42967502962364, -107.42967513640268, -107.42967513622874]","[0.18608320799830835, 0.09933675000502262, 0.1000245420000283, 0.09406049999961397, 0.09884208300354658, 0.09335999999893829, 0.0950315420050174]",BS N Comm,False,block2_pauli,N2_diss
BS_N_Comm,9,-107.42973501861862,0.025420579087139572,False,0.9877742090029642,9,True,False,False,100,7,1e-06,3.5178686630388256e-09,0.0,"[-107.4297233229392, -107.42972260314002, -107.4297350293628, -107.42973485197932, -107.42973506560998, -107.42973501510075, -107.42973501861862]","[0.22751516599964816, 0.12866054099868052, 0.11922520799998892, 0.11544524999771966, 0.11694875000102911, 0.11497529199550627, 0.10929754199605668]",BS N Comm,False,block2_pauli,N2_diss
BS_N_Comm,10,-107.42974606873838,0.025409528967372808,False,1.043327292005415,10,True,False,False,100,7,1e-06,1.5956887011725485e-07,0.0,"[-107.42972903589282, -107.42973834477246, -107.42974587304224, -107.42974577128366, -107.42974593888313, -107.42974590916951, -107.42974606873838]","[0.23855141700187232, 0.13528766699892003, 0.12598341699776938, 0.12440954199701082, 0.12385612499929266, 0.12151733299833722, 0.1190768329979619]",BS N Comm,False,block2_pauli,N2_diss
BS_N_Comm,12,-107.42974747573494,0.025408121970812658,False,1.0920290840003872,12,True,False,False,100,7,1e-06,2.3751614719458303e-07,0.0,"[-107.42973470398199, -107.4297466170755, -107.42974687044548, -107.42974687212852, -107.42974719156496, -107.4297472382188, -107.42974747573494]","[0.2622151670002495, 0.14251775000593625, 0.1277153749979334, 0.1289344999968307, 0.12933499999780906, 0.12521470800129464, 0.1219192499993369]",BS N Comm,False,block2_pauli,N2_diss
BS_N_Comm,14,-107.42974773706982,0.02540786063593714,False,1.3373987500017392,14,True,False,False,100,7,1e-06,6.478728664660593e-11,0.0,"[-107.42973739359877, -107.42974729778037, -107.42974769518929, -107.42974771122408, -107.42974772577958, -107.4297477371346, -107.42974773706982]","[0.30012387500028126, 0.1987217080022674, 0.16553233399463352, 0.15567058399756206, 0.15581220899912296, 0.15608862500084797, 0.15089725000143517]",BS N Comm,False,block2_pauli,N2_diss
BS_N_Comm,16,-107.42974779728665,0.025407800419102955,False,1.4139407080001547,16,True,False,False,100,7,1e-06,3.9406700125255156e-11,0.0,"[-107.42973920514878, -107.42974770913025, -107.42974779285129, -107.42974779562891, -107.42974779724858, -107.42974779724724, -107.42974779728665]","[0.32867979100410594, 0.18635087500297232, 0.17143970900360728, 0.1686777909999364, 0.1624595829998725, 0.15897562499594642, 0.18152004099829355]",BS N Comm,False,block2_pauli,N2_diss
BS_N_Comm,18,-107.45506850984543,8.70878603222991e-05,True,2.5166725829985808,18,True,False,False,100,8,1e-06,9.956124813470524e-11,0.0,"[-107.42974043092255, -107.43263743214179, -107.45470167481483, -107.45496913046028, -107.4550627540934, -107.45506275409821, -107.45506850974587, -107.45506850984543]","[0.3837763750052545, 0.3895962909955415, 0.3205931659977068, 0.2989660829989589, 0.26727737500186777, 0.2771344170032535, 0.25602920800156426, 0.26690237499860814]",BS N Comm,False,block2_pauli,N2_diss
HCT_N_Comm_Fiedler,1,-107.36408349011774,0.09107210758801898,False,0.6422674580026069,1,True,False,False,100,8,1e-06,6.934897101018578e-12,0.0,"[-107.37348975172414, -107.36343794076386, -107.36421335032173, -107.36408001488553, -107.36408515841238, -107.36408515851306, -107.3640834901108, -107.36408349011774]","[0.07874904200434685, 0.0821512500042445, 0.08219087500037858, 0.07320404199708719, 0.06850166699587135, 0.07634495900128968, 0.0679452910044347, 0.07462833400495583]",HCT N Comm,True,block2_pauli,N2_diss
HCT_N_Comm_Fiedler,2,-107.40465715699511,0.05049844071064058,False,0.5384783749977942,2,True,False,False,100,7,1e-06,2.5153212845907547e-12,0.0,"[-107.39994228752806, -107.40435627579936, -107.40435627585029, -107.4046563009311, -107.40465630093382, -107.4046571569926, -107.40465715699511]","[0.09802870899875415, 0.06761537499551196, 0.07862241600378184, 0.06544158299948322, 0.0629858750035055, 0.06936249999853317, 0.05650679200334707]",HCT N Comm,True,block2_pauli,N2_diss
HCT_N_Comm_Fiedler,3,-107.42461634668874,0.030539251017017932,False,0.5216160830023,3,True,False,False,100,7,1e-06,6.25334450887749e-10,0.0,"[-107.4246254619654, -107.42461336801543, -107.42461420101203, -107.42461633565676, -107.42461632113432, -107.42461634731407, -107.42461634668874]","[0.08868995800003177, 0.0685561249993043, 0.06183887500083074, 0.07087187499564607, 0.07272312499844702, 0.06298904199502431, 0.05830308399890782]",HCT N Comm,True,block2_pauli,N2_diss
HCT_N_Comm_Fiedler,4,-107.42586507063334,0.02929052707241908,False,0.5990287919994444,4,True,False,False,100,7,1e-06,2.971489720948739e-11,0.0,"[-107.42565639790817, -107.42586163834565, -107.42586163826411, -107.42586445375832, -107.4258644536801, -107.42586507060362, -107.42586507063334]","[0.10109658300643787, 0.07800295799825108, 0.0833924579928862, 0.07235595900419867, 0.07091312499687774, 0.08360574999824166, 0.06598937500530155]",HCT N Comm,True,block2_pauli,N2_diss
HCT_N_Comm_Fiedler,5,-107.42759670814738,0.02755888955837804,False,0.6127297919956618,5,True,False,False,100,7,1e-06,5.128953262101277e-08,0.0,"[-107.42739477721163, -107.427571483317, -107.42759394455766, -107.4275951502421, -107.42759657746805, -107.42759665685784, -107.42759670814738]","[0.11150916600308847, 0.07812541699968278, 0.07796858400251949, 0.07587266599875875, 0.0753164999987348, 0.07561891699879197, 0.0801472079983796]",HCT N Comm,True,block2_pauli,N2_diss
HCT_N_Comm_Fiedler,6,-107.42941079656566,0.025744801140092477,False,0.6550484999970649,6,True,False,False,100,7,1e-06,1.6426326965301996e-10,0.0,"[-107.42940514760386, -107.42941071380352, -107.42941087856775, -107.42941105202, -107.42941105267937, -107.42941079672993, -107.42941079656566]","[0.11383791700063739, 0.08212175000517163, 0.08434483299788553, 0.08350566700391937, 0.08330545899661956, 0.0807144580030581, 0.08595895799953723]",HCT N Comm,True,block2_pauli,N2_diss
HCT_N_Comm_Fiedler,7,-107.42969529789812,0.025460299807633646,False,0.7130775420009741,7,True,False,False,100,7,1e-06,4.253735141901416e-08,0.0,"[-107.42949646130478, -107.42961931974307, -107.42969540135329, -107.42969454366057, -107.4296953854733, -107.42969525536077, -107.42969529789812]","[0.116639457999554, 0.08703091699862853, 0.09608504199422896, 0.09265829100331757, 0.08646604100067634, 0.08920137499808334, 0.08527504199446412]",HCT N Comm,True,block2_pauli,N2_diss
HCT_N_Comm_Fiedler,8,-107.45189524470962,0.003260352996136362,False,0.7190218750038184,8,True,False,False,100,7,1e-06,3.9179326449811924e-11,0.0,"[-107.45292448657638, -107.4516040510479, -107.45160405102675, -107.4518661223548, -107.4518661221725, -107.4518952447488, -107.45189524470962]","[0.13302058299450437, 0.09116670799994608, 0.08988795799814397, 0.09221870799956378, 0.09327212499920279, 0.09251066700380761, 0.08905558400147129]",HCT N Comm,True,block2_pauli,N2_diss
HCT_N_Comm_Fiedler,9,-107.4533579313539,0.0017976663518481928,False,0.8976797080031247,9,True,False,False,100,7,1e-06,2.0474999473663047e-10,0.0,"[-107.45292448657638, -107.45312494574546, -107.4531249455021, -107.45333189931182, -107.45333189955007, -107.45335793114916, -107.4533579313539]","[0.14822608300164575, 0.12119354099559132, 0.1184386250024545, 0.12157450000086101, 0.11662124999566004, 0.11629366700071841, 0.11681912500353064]",HCT N Comm,True,block2_pauli,N2_diss
HCT_N_Comm_Fiedler,10,-107.45465071931591,0.000504878389847363,True,0.9566084999969462,10,True,False,False,100,7,1e-06,9.734435479913373e-12,0.0,"[-107.45322436942058, -107.45465479249107, -107.4546547924499, -107.4546510706907, -107.45465107070085, -107.45465071930617, -107.45465071931591]","[0.1563910830009263, 0.12871016699500615, 0.13189541600149823, 0.12229245799971977, 0.13220550000551157, 0.1257358340008068, 0.1213928750003106]",HCT N Comm,True,block2_pauli,N2_diss
BS_N_Comm_Fiedler,1,-107.42901923634213,0.026136361363626293,False,0.6109875839974848,1,True,False,False,100,7,1e-06,3.943344921708558e-07,0.0,"[-107.43623298396543, -107.42615742765732, -107.42917180841343, -107.42903789570028, -107.42902161263714, -107.42901963067662, -107.42901923634213]","[0.1005853750029928, 0.08459920799941756, 0.07812808400194626, 0.07844016700255452, 0.0782637500014971, 0.07816729100159137, 0.07387537500471808]",BS N Comm,True,block2_pauli,N2_diss
BS_N_Comm_Fiedler,2,-107.43982832951176,0.015327268193999544,False,0.6479629999957979,2,True,False,False,100,8,1e-06,1.2039691910104011e-08,0.0,"[-107.43796219624792, -107.43861339232737, -107.43973426528699, -107.43973411274422, -107.43977227893674, -107.43977226309724, -107.43982831747206, -107.43982832951176]","[0.10569870800100034, 0.07111099999747239, 0.07060320800519548, 0.07761575000040466, 0.07031699999788543, 0.07001720799598843, 0.06884029200591613, 0.06316912500187755]",BS N Comm,True,block2_pauli,N2_diss
BS_N_Comm_Fiedler,3,-107.4412152248172,0.01394037288855543,False,0.6457490410030005,3,True,False,False,100,8,1e-06,2.3375434921035776e-09,0.0,"[-107.4373303122639, -107.44031510290819, -107.4410443912291, -107.44104470039846, -107.44115317008979, -107.44115318428007, -107.44121522247966, -107.4412152248172]","[0.11129770800471306, 0.07119170800433494, 0.0698447090035188, 0.07842641599563649, 0.07090354200045113, 0.07064191699464573, 0.07015429199964274, 0.06508558300265577]",BS N Comm,True,block2_pauli,N2_diss
BS_N_Comm_Fiedler,4,-107.44778935250221,0.007366245203542121,False,0.6951027499962947,4,True,False,False,100,7,1e-06,8.734743488503227e-07,0.0,"[-107.4463854118289, -107.44740872722507, -107.4477646221898, -107.44779819056629, -107.44779043481479, -107.44779022597656, -107.44778935250221]","[0.13596904100268148, 0.0915357080011745, 0.08516454199707368, 0.08705200000258628, 0.08640212500176858, 0.0892507079988718, 0.08201062499574618]",BS N Comm,True,block2_pauli,N2_diss
BS_N_Comm_Fiedler,5,-107.45056666539571,0.004588932310042537,False,0.8141758749989094,5,True,False,False,100,7,1e-06,5.62587942454229e-07,0.0,"[-107.44917072047416, -107.45006064033177, -107.45040840229339, -107.45054585689834, -107.45054381828686, -107.45056722798365, -107.45056666539571]","[0.14543604200298432, 0.1022984160008491, 0.10533279099763604, 0.1220854590064846, 0.10338929199497215, 0.1003529579975293, 0.09691308299807133]",BS N Comm,True,block2_pauli,N2_diss
BS_N_Comm_Fiedler,6,-107.4531586649176,0.001996932788159711,False,0.8757245839951793,6,True,False,False,100,7,1e-06,2.4082959271254367e-07,0.0,"[-107.45142114296031, -107.45277980196974, -107.45303685550013, -107.4531484497675, -107.45314827968923, -107.453158424088, -107.4531586649176]","[0.1402322499998263, 0.11451408299762988, 0.11782441599643789, 0.11419470799592091, 0.1259671250008978, 0.1115365000005113, 0.11352137500216486]",BS N Comm,True,block2_pauli,N2_diss
BS_N_Comm_Fiedler,7,-107.45369456826424,0.0014610294415149383,True,0.9244106250043842,7,True,False,False,100,7,1e-06,2.6487984428058553e-07,0.0,"[-107.45241346802392, -107.45357253696096, -107.4536154677929, -107.45369331196346, -107.45369311052026, -107.4536943033844, -107.45369456826424]","[0.14535816699935822, 0.13365350000094622, 0.12930245800089324, 0.11949824999464909, 0.12476091600547079, 0.12105595900357002, 0.11266204199637286]",BS N Comm,True,block2_pauli,N2_diss
